"","Var1","Freq"
"1","Abarema brachystachya (DC.) Barneby & J.W.Grimes",61
"2","Abarema cochliacarpos (Gomes) Barneby & J.W.Grimes",60
"3","Abarema filamentosa (Benth.) Pittier",24
"4","Abarema jupunba (Willd.) Britton & Killip",24
"5","Abarema langsdorffii (Benth.) Barneby & J.W.Grimes",106
"6","Abarema villosa Iganci & M.P.Morim",13
"7","Acanthocladus albicans A.W.Benn.",12
"8","Acanthocladus brasiliensis (Klotzsch ex A.St.-Hil. & Moq.) Hassk.",12
"9","Acca sellowiana (O.Berg) Burret",85
"10","Achatocarpus praecox Griseb.",25
"11","Acnistus arborescens (L.) Schltdl.",95
"12","Acosmium lentiscifolium Schott",22
"13","Acrocomia aculeata (Jacq.) Lodd. ex Mart.",52
"14","Acrocomia intumescens Drude",35
"15","Actinostemon concolor (Spreng.) Müll.Arg.",299
"16","Actinostemon klotzschii (Didr.) Pax",146
"17","Actinostemon lasiocarpus (Müll.Arg.) Baill.",22
"18","Actinostemon verticillatus (Klotzsch) Baill.",43
"19","Aegiphila brachiata Vell.",46
"20","Aegiphila graveolens Mart. & Schauer",12
"21","Aegiphila integrifolia (Jacq.) Moldenke",386
"22","Aegiphila luschnathii Schauer",13
"23","Aegiphila mediterranea Vell.",19
"24","Aegiphila obducta Vell.",60
"25","Aegiphila pernambucensis Moldenke",17
"26","Aegiphila riedeliana Schauer",11
"27","Aegiphila verticillata Vell.",56
"28","Aegiphila vitelliniflora Walp.",27
"29","Agarista coriifolia (Thunb.) Hook. ex Nied.",20
"30","Agarista eucalyptoides (Cham. & Schltdl.) G.Don",46
"31","Agarista niederleinii (Sleumer) Judd",34
"32","Agarista oleifolia (Cham.) G.Don",61
"33","Agarista revoluta (Spreng.) J.D. Hook. ex Nied.",13
"34","Agonandra brasiliensis Miers ex Benth. & Hook.f.",29
"35","Agonandra excelsa Griseb.",111
"36","Aiouea acarodomatifera Kosterm.",22
"37","Aiouea saligna Meisn.",156
"38","Albizia edwallii (Hoehne) Barneby & J.W.Grimes",113
"39","Albizia niopoides (Spruce ex Benth.) Burkart",97
"40","Albizia pedicellaris (DC.) L.Rico",79
"41","Albizia polycephala (Benth.) Killip ex Record",224
"42","Alchornea glandulosa Poepp. & Endl.",299
"43","Alchornea sidifolia Müll.Arg.",111
"44","Alchornea triplinervia (Spreng.) Müll.Arg.",473
"45","Algernonia leandrii (Baill.) G.L.Webster",22
"46","Alibertia baiana Delprete & C.H.Perss.",11
"47","Allagoptera caudescens (Mart.) Kuntze",46
"48","Allophylus edulis (A.St.-Hil. et al.) Hieron. ex Niederl.",534
"49","Allophylus guaraniticus (A. St.-Hil.) Radlk.",110
"50","Allophylus petiolulatus Radlk.",212
"51","Allophylus puberulus (Cambess.) Radlk.",22
"52","Allophylus racemosus Sw.",111
"53","Allophylus semidentatus (Miq.) Radlk.",41
"54","Almeidea lilacina A.St.-Hil.",14
"55","Almeidea rubra A.St.-Hil.",34
"56","Aloysia virgata (Ruiz & Pav.) Juss.",169
"57","Alseis floribunda Schott",203
"58","Alseis pickelii Pilg. & Schmale",28
"59","Alsophila setosa Kaulf.",266
"60","Alsophila sternbergii (Sternb.) D.S.Conant",92
"61","Amaioua guianensis Aubl.",108
"62","Amaioua intermedia Mart. ex Schult. & Schult.f.",253
"63","Amaioua pilosa K.Schum.",24
"64","Amanoa guianensis Aubl.",18
"65","Amburana cearensis (Allemão) A.C.Sm.",24
"66","Ampelocera glabra Kuhlm.",17
"67","Amphirrhox longifolia (A.St.-Hil.) Spreng.",38
"68","Anacardium occidentale L.",48
"69","Anadenanthera colubrina (Vell.) Brenan",245
"70","Anadenanthera peregrina (L.) Speg.",93
"71","Anaxagorea dolichocarpa Sprague & Sandwith",77
"72","Anaxagorea silvatica R.E.Fr.",15
"73","Andira anthelmia (Vell.) Benth.",43
"74","Andira fraxinifolia Benth.",345
"75","Andira legalis (Vell.) Toledo",53
"76","Andira nitida Mart. ex Benth.",49
"77","Andira ormosioides Benth.",64
"78","Andira vermifuga (Mart.) Benth.",23
"79","Andradea floribunda Allemão",37
"80","Angostura bracteata (Nees & Mart.) Kallunki",19
"81","Aniba canelilla (Kunth) Mez",22
"82","Aniba firmula (Nees & Mart.) Mez",252
"83","Aniba heringeri Vattimo-Gil",12
"84","Annona acutiflora Mart.",21
"85","Annona bahiensis (Maas & Westra) H.Rainer",13
"86","Annona cacans Warm.",283
"87","Annona dolabripetala Raddi",220
"88","Annona emarginata (Schltdl.) H.Rainer",181
"89","Annona glabra L.",73
"90","Annona leptopetala (R.E.Fr.) H.Rainer",20
"91","Annona montana Macfad.",25
"92","Annona mucosa Jacq.",32
"93","Annona neosalicifolia H.Rainer",93
"94","Annona neosericea H.Rainer",102
"95","Annona pickelii (Diels) H.Rainer",13
"96","Annona rugulosa (Schltdl.) H.Rainer",155
"97","Annona salzmannii A.DC.",48
"98","Annona sylvatica A.St.-Hil.",368
"99","Annona xylopiifolia A.St.-Hil. & Tul.",24
"100","Antonia ovata Pohl",30
"101","Aparisthmium cordatum (A.Juss.) Baill.",204
"102","Apeiba albiflora Ducke",21
"103","Apeiba tibourbou Aubl.",54
"104","Apuleia leiocarpa (Vogel) J.F.Macbr.",278
"105","Aralia warmingiana (Marchal) J.Wen",67
"106","Arapatiella psilophylla (Harms) R.S.Cowan",15
"107","Araucaria angustifolia (Bertol.) Kuntze",186
"108","Ardisia guianensis (Aubl.) Mez",91
"109","Aspidosperma australe Müll.Arg.",231
"110","Aspidosperma cuspa (Kunth) Blake",37
"111","Aspidosperma cylindrocarpon Müll.Arg.",97
"112","Aspidosperma discolor A.DC.",43
"113","Aspidosperma dispermum Müll.Arg.",16
"114","Aspidosperma illustre (Vell.) Kuhlm. & Pirajá",23
"115","Aspidosperma multiflorum A.DC.",15
"116","Aspidosperma olivaceum Müll.Arg.",224
"117","Aspidosperma parvifolium A.DC.",57
"118","Aspidosperma polyneuron Müll.Arg.",147
"119","Aspidosperma pyricollum Müll.Arg.",39
"120","Aspidosperma pyrifolium Mart.",31
"121","Aspidosperma ramiflorum Müll.Arg.",103
"122","Aspidosperma spruceanum Benth. ex Müll.Arg.",127
"123","Aspidosperma subincanum Mart.",21
"124","Aspidosperma tomentosum Mart.",77
"125","Astrocaryum aculeatissimum (Schott) Burret",135
"126","Astronium concinnum Schott",37
"127","Astronium fraxinifolium Schott",102
"128","Astronium graveolens Jacq.",203
"129","Ateleia glazioveana Baill.",51
"130","Attalea apoda Burret",26
"131","Attalea burretiana Bondar",60
"132","Attalea dubia (Mart.) Burret",52
"133","Attalea funifera Mart.",34
"134","Attalea oleifera Barb.Rodr.",36
"135","Aureliana anonacea (Sendtn.) I.M.C.Rodrigues & Stehmann",17
"136","Aureliana brasiliana (Hunz.) Barboza & Hunz.",15
"137","Aureliana fasciculata (Vell.) Sendtn.",92
"138","Aureliana pogogena (Moric.) I.M.C.Rodrigues & Stehmann",20
"139","Aureliana velutina Sendtn.",30
"140","Austrocritonia angulicaulis (Sch.Bip. ex Baker) R.M.King & H.Rob.",13
"141","Austrocritonia velutina (Gardner) R.M.King & H.Rob.",39
"142","Austroeupatorium inulaefolium (Kunth) R.M.King & H.Rob.",93
"143","Avicennia schaueriana Stapf & Leechm. ex Moldenke",13
"144","Azara uruguayensis (Speg.) Sleumer",20
"145","Baccharis calvescens DC.",105
"146","Baccharis caprariifolia DC.",29
"147","Baccharis dentata (Vell.) G.M.Barroso",131
"148","Baccharis dracunculifolia DC.",107
"149","Baccharis glaziovii Baker",17
"150","Baccharis intermixta Gardner",40
"151","Baccharis leucocephala Dusén",26
"152","Baccharis microdonta DC.",22
"153","Baccharis oblongifolia (Ruiz & Pav.) Pers.",132
"154","Baccharis oreophila Malme",27
"155","Baccharis retusa DC.",64
"156","Baccharis rufidula (Spreng.) Joch.Müll.",12
"157","Baccharis semiserrata DC.",136
"158","Baccharis serrulata (Lam.) Pers.",84
"159","Baccharis singularis (Vell.) G.M.Barroso",38
"160","Bactris ferruginea Burret",44
"161","Bactris setosa Mart.",167
"162","Bactris vulgaris Barb.Rodr.",50
"163","Balfourodendron riedelianum (Engl.) Engl.",120
"164","Banara brasiliensis (Schott) Benth.",20
"165","Banara guianensis Aubl.",19
"166","Banara parviflora (A.Gray) Benth.",116
"167","Banara serrata (Vell.) Warb.",22
"168","Banara tomentosa Clos",169
"169","Basiloxylon brasiliensis (All.) K.Schum.",65
"170","Bastardiopsis densiflora (Hook. & Arn.) Hassl.",59
"171","Bathysa australis (A.St.-Hil.) K.Schum.",217
"172","Bathysa gymnocarpa K.Schum.",30
"173","Bathysa mendoncaei K.Schum.",56
"174","Bathysa nicholsonii K.Schum.",50
"175","Bathysa stipulata (Vell.) C.Presl",25
"176","Bauhinia cheilantha (Bong.) Steud.",23
"177","Bauhinia forficata Link",273
"178","Bauhinia fusconervis (Bong.) Steud.",29
"179","Bauhinia longifolia (Bong.) Steud.",156
"180","Bauhinia ovata (Bong.) Vogel",32
"181","Bauhinia pentandra (Bong.) D.Dietr.",23
"182","Bauhinia pulchella Benth.",13
"183","Bauhinia rufa (Bong.) Steud.",20
"184","Bauhinia ungulata L.",30
"185","Bauhinia uruguayensis Benth.",14
"186","Beilschmiedia emarginata (Meisn.) Kosterm.",18
"187","Beilschmiedia fluminensis Kosterm.",16
"188","Beilschmiedia rigida (Mez) Kosterm.",15
"189","Beilschmiedia taubertiana (Schwacke & Mez) Kosterm.",25
"190","Berberis laurina Billb.",49
"191","Bernardia pulchella (Baill.) Müll.Arg.",34
"192","Bernardinia fluminensis (Gardner) Planch.",23
"193","Bixa arborea Huber",31
"194","Bixa orellana L.",29
"195","Blanchetiodendron blanchetii (Benth.) Barneby & J.W.Grimes",20
"196","Blepharocalyx eggersii (Kiaersk.) Landrum",13
"197","Blepharocalyx salicifolius (Kunth) O.Berg",365
"198","Boehmeria caudata Sw.",125
"199","Bonnetia stricta (Nees) Nees & Mart.",27
"200","Bougainvillea glabra Choisy",42
"201","Bougainvillea spectabilis Willd.",43
"202","Bowdichia virgilioides Kunth",127
"203","Brasiliocroton mamoninha P.E.Berry & Cordeiro",14
"204","Brasiliopuntia brasiliensis (Willd.) A.Berger",58
"205","Bredemeyera hebeclada (DC.) J.F.B.Pastore",19
"206","Brosimum gaudichaudii Trécul",64
"207","Brosimum glaziovii Taub.",107
"208","Brosimum guianense (Aubl.) Huber",186
"209","Brosimum lactescens (S.Moore) C.C.Berg",108
"210","Brosimum rubescens Taub.",16
"211","Brugmansia suaveolens (Willd.) Bercht. & J.Presl",53
"212","Brunfelsia clandestina Plowman",12
"213","Brunfelsia pauciflora (Cham. & Schltdl.) Benth.",22
"214","Buchenavia hoehneana N.F.Mattos",18
"215","Buchenavia kleinii Exell",73
"216","Buchenavia oxycarpa (Mart.) Eichler",12
"217","Buchenavia tetraphylla (Aubl.) R.A.Howard",80
"218","Buddleja stachyoides Cham. & Schltdl.",75
"219","Bunchosia maritima (Vell.) J.F.Macbr.",46
"220","Butia catarinensis Noblick & Lorenzi",17
"221","Butia eriospatha (Mart. ex Drude) Becc.",24
"222","Byrsonima cacaophila W.R.Anderson",17
"223","Byrsonima correifolia A.Juss.",12
"224","Byrsonima crassifolia (L.) Kunth",52
"225","Byrsonima crispa A.Juss.",62
"226","Byrsonima gardneriana A.Juss.",34
"227","Byrsonima intermedia A.Juss.",23
"228","Byrsonima japurensis A.Juss.",13
"229","Byrsonima laxiflora Griseb.",93
"230","Byrsonima ligustrifolia A.Juss.",146
"231","Byrsonima myricifolia Griseb.",42
"232","Byrsonima nitidifolia A.Juss.",20
"233","Byrsonima sericea DC.",188
"234","Byrsonima stipulacea A.Juss.",39
"235","Byrsonima variabilis A.Juss.",22
"236","Cabralea canjerana (Vell.) Mart.",589
"237","Calliandra asplenioides (Nees) Renvoize",12
"238","Calliandra bella Benth.",13
"239","Calliandra brevipes Benth.",37
"240","Calliandra foliolosa Benth.",53
"241","Calliandra tweedii Benth.",52
"242","Callianthe amoena (K. Shum.) Donnel",22
"243","Callianthe bedfordiana (Hook.) Donnell",29
"244","Callianthe rufinerva (A. St.Hil.) Donnel",29
"245","Callisthene castellanosii H.F.Martins",13
"246","Callisthene major Mart. & Zucc.",42
"247","Calophyllum brasiliense Cambess.",196
"248","Calotropis procera (Aiton) W.T.Aiton",22
"249","Calyptranthes brasiliensis Spreng.",39
"250","Calyptranthes clusiifolia O.Berg",112
"251","Calyptranthes concinna DC.",218
"252","Calyptranthes dardanoi Mattos",22
"253","Calyptranthes grammica (Spreng.) D.Legrand",19
"254","Calyptranthes grandifolia O.Berg",164
"255","Calyptranthes lanceolata O.Berg",30
"256","Calyptranthes lucida Mart. ex DC.",157
"257","Calyptranthes obovata Kiaersk.",21
"258","Calyptranthes pileata D.Legrand",34
"259","Calyptranthes pulchella DC.",35
"260","Calyptranthes rubella (O.Berg) D.Legrand",19
"261","Calyptranthes strigipes O.Berg",49
"262","Calyptranthes tricona D.Legrand",20
"263","Calyptranthes widgreniana O.Berg",67
"264","Campomanesia aromatica (Aubl.) Griseb.",57
"265","Campomanesia dichotoma (O.Berg) Mattos",65
"266","Campomanesia espiritosantensis Landrum",12
"267","Campomanesia eugenioides (Cambess.) D.Legrand ex Landrum",63
"268","Campomanesia guaviroba (DC.) Kiaersk.",266
"269","Campomanesia guazumifolia (Cambess.) O.Berg",325
"270","Campomanesia laurifolia Gardner",51
"271","Campomanesia neriiflora (O.Berg) Nied.",13
"272","Campomanesia phaea (O.Berg) Landrum",32
"273","Campomanesia reitziana D.Legrand",35
"274","Campomanesia sessiliflora (O.Berg) Mattos",20
"275","Campomanesia velutina (Cambess.) O.Berg",18
"276","Campomanesia xanthocarpa (Mart.) O.Berg",392
"277","Capparidastrum frondosum (Jacq.) Cornejo & Iltis",28
"278","Caraipa densifolia Mart.",20
"279","Cariniana estrellensis (Raddi) Kuntze",291
"280","Cariniana legalis (Mart.) Kuntze",109
"281","Carpotroche brasiliensis (Raddi) A Gray",120
"282","Caryocar edule Casar.",40
"283","Caryodendron janeirense Müll.Arg.",12
"284","Casearia aculeata Jacq.",37
"285","Casearia arborea (Rich.) Urb.",173
"286","Casearia bahiensis Sleumer",19
"287","Casearia commersoniana Cambess.",155
"288","Casearia decandra Jacq.",544
"289","Casearia eichleriana Sleumer",15
"290","Casearia gossypiosperma Briq.",90
"291","Casearia grandiflora Cambess.",24
"292","Casearia guianensis (Aubl.) Urb.",42
"293","Casearia hirsuta Sw.",14
"294","Casearia lasiophylla Eichler",107
"295","Casearia mariquitensis Kunth",35
"296","Casearia melliodora Eichler",12
"297","Casearia obliqua Spreng.",297
"298","Casearia oblongifolia Cambess.",23
"299","Casearia paranaensis Sleumer",15
"300","Casearia pauciflora Cambess.",23
"301","Casearia rufescens Cambess.",11
"302","Casearia rupestris Eichler",17
"303","Casearia selloana Eichler",15
"304","Casearia sylvestris Sw.",678
"305","Casearia ulmifolia Vahl ex Vent.",76
"306","Cassia ferruginea (Schrad.) Schrad. ex DC.",159
"307","Cassia leptophylla Vogel",35
"308","Cathedra rubricaulis Miers",26
"309","Cavanillesia umbellata Ruiz & Pav.",17
"310","Cecropia glaziovii Snethl.",307
"311","Cecropia hololeuca Miq.",165
"312","Cecropia pachystachya Trécul",426
"313","Cecropia palmata Willd.",40
"314","Cedrela fissilis Vell.",516
"315","Cedrela odorata L.",92
"316","Ceiba erianthos (Cav.) K.Schum.",34
"317","Ceiba glaziovii (Kuntze) K.Schum.",19
"318","Ceiba pubiflora (A.St.-Hil.) K.Schum.",24
"319","Ceiba speciosa (A.St.-Hil.) Ravenna",141
"320","Ceiba ventricosa (Nees & Mart.) Ravenna",39
"321","Celtis iguanaea (Jacq.) Sarg.",315
"322","Celtis pubescens (Kunth) Spreng.",143
"323","Centrolobium microchaete (Mart. ex Benth.) H.C.Lima",42
"324","Centrolobium robustum (Vell.) Mart. ex Benth.",13
"325","Centrolobium sclerophyllum H.C.Lima",15
"326","Centrolobium tomentosum Guillem. ex Benth.",89
"327","Cereus fernambucensis Lem.",36
"328","Cereus hildmannianus K.Schum.",42
"329","Cereus jamacaru DC.",37
"330","Cestrum axillare Vell.",141
"331","Cestrum bracteatum Link & Otto",214
"332","Cestrum intermedium Sendtn.",173
"333","Cestrum mariquitense Kunth",50
"334","Cestrum montanum Miers",13
"335","Cestrum obovatum Sendtn.",12
"336","Cestrum retrofractum Dunal",12
"337","Cestrum salzmannii Dunal",21
"338","Cestrum schlechtendalii G.Don",118
"339","Cestrum strigilatum Ruiz & Pav.",126
"340","Chaetocarpus echinocarpus (Baill.) Ducke",12
"341","Chaetocarpus myrsinites Baill.",46
"342","Chamaecrista aspidiifolia H.S.Irwin & Barneby",13
"343","Chamaecrista aspleniifolia (H.S.Irwin & Barneby) H.S.Irwin & Barneby",14
"344","Chamaecrista bahiae (H.S.Irwin) H.S.Irwin & Barneby",14
"345","Chamaecrista blanchetii (Benth.) Conc. et al.",14
"346","Chamaecrista duartei (H.S.Irwin) H.S.Irwin & Barneby",18
"347","Chamaecrista ensiformis (Vell.) H.S.Irwin & Barneby",87
"348","Cheiloclinium cognatum (Miers) A.C.Sm.",77
"349","Chiococca nitida Benth.",15
"350","Chionanthus crassifolius (Mart.) P.S.Green",24
"351","Chionanthus ferrugineus (Gilg) P.S.Green",19
"352","Chionanthus filiformis (Vell.) P.S.Green",103
"353","Chionanthus trichotomus (Vell.) P.S.Green",52
"354","Chloroleucon dumosum (Benth.) G.P.Lewis",24
"355","Chloroleucon foliolosum (Benth.) G.P.Lewis",17
"356","Chomelia brasiliana A.Rich.",48
"357","Chomelia martiana Müll.Arg.",15
"358","Chomelia obtusa Cham. & Schltdl.",63
"359","Chomelia parvifolia (Standl.) Govaerts",21
"360","Chomelia pohliana Müll.Arg.",68
"361","Chomelia pubescens Cham. & Schltdl.",35
"362","Christiana macrodon Toledo",14
"363","Chrysobalanus icaco L.",35
"364","Chrysochlamys saldanhae (Engl.) Oliveira-Filho ",22
"365","Chrysophyllum arenarium Allemão",11
"366","Chrysophyllum flexuosum Mart.",82
"367","Chrysophyllum gonocarpum (Mart. & Eichler ex Miq.) Engl.",334
"368","Chrysophyllum inornatum Mart.",73
"369","Chrysophyllum januariense Eichler",22
"370","Chrysophyllum lucentifolium Cronquist",67
"371","Chrysophyllum marginatum (Hook. & Arn.) Radlk.",308
"372","Chrysophyllum rufum Mart.",38
"373","Chrysophyllum splendens Spreng.",68
"374","Chrysophyllum viride Mart. & Eichler",110
"375","Cinnamodendron dinisii Schwacke",227
"376","Cinnamomum amoenum (Nees & Mart.) Kosterm.",124
"377","Cinnamomum erythropus (Nees & Mart.) Kosterm.",11
"378","Cinnamomum hatschbachii Vattimo-Gil",61
"379","Cinnamomum pseudoglaziovii Lorea-Hern.",144
"380","Cinnamomum sellowianum (Nees & Mart.) Kosterm.",88
"381","Cinnamomum stenophyllum (Meisn.) Vattimo-Gil",25
"382","Cinnamomum tomentulosum Kosterm.",11
"383","Cinnamomum triplinerve (Ruiz & Pav.) Kosterm.",126
"384","Citharexylum montevidense (Spreng.) Moldenke",21
"385","Citharexylum myrianthum Cham.",127
"386","Citharexylum solanaceum Cham.",62
"387","Citronella engleriana (Loes.) R.A.Howard",30
"388","Citronella gongonha (Mart.) R.A.Howard",107
"389","Citronella paniculata (Mart.) R.A.Howard",359
"390","Citrus reticulata Blanco",27
"391","Clarisia ilicifolia (Spreng.) Lanj. & Rossberg",62
"392","Clarisia racemosa Ruiz & Pav.",37
"393","Clavija caloneura Mart.",13
"394","Clavija nutans (Vell.) B.Ståhl",13
"395","Clavija spinosa (Vell.) Mez",17
"396","Clethra scabra Pers.",344
"397","Clethra uleana Sleumer",36
"398","Clitoria fairchildiana R.A.Howard",12
"399","Clusia criuva Cambess.",184
"400","Clusia fluminensis Planch. & Triana",12
"401","Clusia fragrans Gardner",14
"402","Clusia hilariana Schltdl.",20
"403","Clusia lanceolata Cambess.",27
"404","Clusia melchiorii Gleason",27
"405","Clusia nemorosa G.Mey.",106
"406","Clusia organensis Planch. & Triana",23
"407","Clusia paralicola G.Mariz",11
"408","Cnidoscolus oligandrus (Müll.Arg.) Pax",25
"409","Coccoloba alnifolia Casar.",84
"410","Coccoloba cordata Cham.",17
"411","Coccoloba glaziovii Lindau",53
"412","Coccoloba latifolia Lam.",13
"413","Coccoloba marginata Benth.",21
"414","Coccoloba mollis Casar.",51
"415","Coccoloba obtusifolia Jacq.",27
"416","Coccoloba persicaria Wedd.",27
"417","Coccoloba ramosissima Wedd.",20
"418","Coccoloba rosea Meisn.",13
"419","Coccoloba warmingii Meisn.",106
"420","Cochlospermum vitifolium (Willd.) Spreng.",21
"421","Cocos nucifera L.",18
"422","Colicodendron yco Mart.",12
"423","Colubrina glandulosa Perkins",123
"424","Combretum glaucocarpum Mart.",17
"425","Combretum leprosum Mart.",22
"426","Conchocarpus longifolius (A. St.-Hil.) Kallunki & Pirani",22
"427","Conchocarpus pentandrus (A. St.-Hil.) Kallunki & Pirani",15
"428","Condalia buxifolia Reissek",13
"429","Connarus detersus Planch.",22
"430","Connarus regnellii G.Schellenb.",33
"431","Connarus rostratus (Vell.) L.B.Sm.",15
"432","Conocarpus erectus L.",13
"433","Copaifera arenicola (Ducke) J.Costa & L.P.Queiroz",14
"434","Copaifera duckei Dwyer",11
"435","Copaifera langsdorffii Desf.",224
"436","Copaifera lucens Dwyer",41
"437","Copaifera trapezifolia Hayne",167
"438","Cordia aberrans I.M.Johnst.",13
"439","Cordia americana (L.) Gottschling & J.S.Mill.",161
"440","Cordia ecalyculata Vell.",254
"441","Cordia glabrata (Mart.) A.DC.",11
"442","Cordia glabrifolia M.Stapf",16
"443","Cordia magnoliifolia Cham.",63
"444","Cordia nodosa Lam.",52
"445","Cordia rufescens A.DC.",14
"446","Cordia sellowiana Cham.",271
"447","Cordia silvestris Fresen.",64
"448","Cordia superba Cham.",124
"449","Cordia taguahyensis Vell.",82
"450","Cordia toqueve Aubl.",16
"451","Cordia trachyphylla Mart.",22
"452","Cordia trichoclada DC.",75
"453","Cordia trichotoma (Vell.) Arráb. ex Steud.",332
"454","Cordiera concolor (Cham.) Kuntze",161
"455","Cordiera elliptica (Cham.) Kuntze",94
"456","Cordiera myrciifolia (K.Schum.) C.H.Perss. & Delprete",44
"457","Cordiera rigida (K.Schum.) Kuntze",12
"458","Cordiera sessilis (Vell.) Kuntze",73
"459","Cordiera stipulacea",14
"460","Cordiera vinosa (Cham.) Kuntze",23
"461","Cordyline spectabilis Kunth & Bouché",85
"462","Couepia belemii Prance",17
"463","Couepia impressa Prance",32
"464","Couepia monteclarensis Prance",21
"465","Couepia ovalifolia (Schott) Benth. ex Hook.f.",32
"466","Couepia pernambucensis Prance",11
"467","Couepia rufa Ducke",19
"468","Couepia schottii Fritsch",24
"469","Couepia uiti (Mart. & Zucc.) Benth. ex Hook.f.",16
"470","Couepia venosa Prance",31
"471","Couma rigida Müll.Arg.",13
"472","Couratari macrosperma A.C.Sm.",36
"473","Couratari pyramidata (Vell.) Kunth",17
"474","Coussapoa curranii S.F.Blake",25
"475","Coussapoa microcarpa (Schott) Rizzini",195
"476","Coussarea contracta (Walp.) Müll.Arg.",177
"477","Coussarea graciliflora (Mart.) Müll.Arg.",24
"478","Coussarea hydrangeifolia (Benth.) Müll.Arg.",45
"479","Coussarea ilheotica Müll.Arg.",17
"480","Coussarea meridionalis (Vell.) Müll.Arg.",22
"481","Coussarea nodosa (Benth.) Müll.Arg.",54
"482","Coussarea verticillata Müll.Arg.",17
"483","Coutarea hexandra (Jacq.) K.Schum.",303
"484","Crateva tapia L.",49
"485","Crepidospermum atlanticum Daly",29
"486","Critoniopsis quinqueflora (Less.) H.Rob.",25
"487","Croton argyrophylloides Müll.Arg.",15
"488","Croton blanchetianus Baill.",13
"489","Croton celtidifolius Baill.",80
"490","Croton echinocarpus Müll. Arg.",73
"491","Croton floribundus Spreng.",268
"492","Croton heliotropiifolius Kunth",34
"493","Croton macrobothrys Baill.",79
"494","Croton organensis Baill.",19
"495","Croton piptocalyx Müll.Arg.",41
"496","Croton salutaris Casar.",42
"497","Croton sincorensis Mart.",13
"498","Croton sphaerogynus Baill.",15
"499","Croton urticifolius Lam.",13
"500","Croton urucurana Baill.",161
"501","Cryptocarya aschersoniana Mez",212
"502","Cryptocarya citriformis (Vell.) P.L.R.Moraes",12
"503","Cryptocarya mandioccana Meisn.",190
"504","Cryptocarya micrantha Meisn.",32
"505","Cryptocarya moschata Nees & Mart.",117
"506","Cryptocarya saligna Mez",82
"507","Cupania concolor Radlk.",17
"508","Cupania emarginata Cambess.",96
"509","Cupania furfuracea Radlk.",23
"510","Cupania impressinervia Acev.-Rodr.",78
"511","Cupania ludowigii Somner & Ferrucci",67
"512","Cupania oblongifolia Mart.",216
"513","Cupania platycarpa Radlk.",38
"514","Cupania racemosa (Vell.) Radlk.",114
"515","Cupania rugosa Radlk.",26
"516","Cupania tenuivalvis Radlk.",23
"517","Cupania vernalis Cambess.",521
"518","Cupania zanthoxyloides Radlk.",44
"519","Curatella americana L.",20
"520","Cyathea abreviata I.Fern.",22
"521","Cyathea atrovirens (Langsd. & Fisch.) Domin",182
"522","Cyathea corcovadensis (Raddi) Domin",289
"523","Cyathea delgadii Sternb.",276
"524","Cyathea dichromatolepis (Fée) Domin",32
"525","Cyathea gardneri Hook.",79
"526","Cyathea glaziovii (Fée) Domin",16
"527","Cyathea hirsuta C.Presl",40
"528","Cyathea leucofolis Domin",35
"529","Cyathea microdonta (Desv.) Domin",69
"530","Cyathea phalerata Mart.",338
"531","Cyathea poeppigii (Hook.) Domin",11
"532","Cyathea praecincta (Kunze) Domin",17
"533","Cyathea pungens (Willd.) Domin",14
"534","Cyathea rufa (Fée) Lellinger",23
"535","Cyathea villosa Willd.",53
"536","Cybianthus peruvianus (A.DC.) Miq.",96
"537","Cybistax antisyphilitica (Mart.) Mart.",138
"538","Cyclolobium brasiliense Benth.",33
"539","Cymbopetalum brasiliense (Vell.) Benth. ex Baill.",33
"540","Cynophalla flexuosa (L.) J.Presl",24
"541","Cynophalla hastata (Jacq.) J.Presl",63
"542","Dahlstedtia araripensis (Benth.) M.J. Silva & A.M.G. Azevedo",14
"543","Dahlstedtia floribunda (Vogel) M.J. Silva & A.M.G. Azevedo",61
"544","Dahlstedtia muehlbergiana (Hassl.) M.J.Silva & A.M.G. Azevedo",97
"545","Dahlstedtia pentaphylla (Taub.) Burkart",34
"546","Dahlstedtia pinnata (Benth.) Malme",57
"547","Dalbergia brasiliensis Vogel",131
"548","Dalbergia foliolosa Benth.",77
"549","Dalbergia frutescens (Vell.) Britton",381
"550","Dalbergia miscolobium Benth.",26
"551","Dalbergia nigra (Vell.) Allemão ex Benth.",127
"552","Dalbergia villosa (Benth.) Benth.",82
"553","Daphnopsis brasiliensis Mart.",46
"554","Daphnopsis coriacea Taub.",26
"555","Daphnopsis fasciculata (Meisn.) Nevling",160
"556","Daphnopsis martii Meisn.",30
"557","Daphnopsis racemosa Griseb.",127
"558","Daphnopsis schwackeana Taub.",29
"559","Daphnopsis sellowiana Taub.",26
"560","Daphnopsis utilis Warm.",21
"561","Dasyphyllum brasiliense (Spreng.) Cabrera",153
"562","Dasyphyllum spinescens (Less.) Cabrera",135
"563","Deguelia costata (Benth.) A.M.G.Azevedo & R.A.Camargo",47
"564","Deguelia hatschbachii A.M.G.Azevedo",21
"565","Dendropanax australis Fiaschi & Jung-Mend.",17
"566","Dendropanax cuneatus (DC.) Decne. & Planch.",174
"567","Dendropanax monogynus (Vell.) Seem.",17
"568","Dendrophorbium glaziovii (Baker) C.Jeffrey",17
"569","Dialium guianense (Aubl.) Sandwith",73
"570","Diatenopteryx sorbifolia Radlk.",146
"571","Dicksonia sellowiana Hook.",251
"572","Dictyoloma vandellianum A.Juss.",131
"573","Dilodendron bipinnatum Radlk.",14
"574","Dimorphandra exaltata Schott",21
"575","Dimorphandra jorgei M.F.Silva",13
"576","Diospyros apeibacarpos Raddi",17
"577","Diospyros gaultheriifolia Mart. ex Miq.",16
"578","Diospyros hispida A.DC.",72
"579","Diospyros inconstans Jacq.",188
"580","Diospyros ketun B.Walln.",12
"581","Diospyros sericea A.DC.",35
"582","Diploon cuspidatum (Hoehne) Cronquist",44
"583","Diplotropis ferruginea Benth.",20
"584","Diplotropis incexis Rizzini & A.Mattos",49
"585","Dipteryx odorata (Aubl.) Willd.",11
"586","Discophora guianensis Miers",26
"587","Dodonaea viscosa Jacq.",59
"588","Drimys angustifolia Miers",34
"589","Drimys brasiliensis Miers",190
"590","Drypetes sessiliflora Allemão",17
"591","Duguetia bahiensis Maas",13
"592","Duguetia chrysocarpa Maas",35
"593","Duguetia gardneriana Mart.",26
"594","Duguetia lanceolata A.St.-Hil.",182
"595","Duguetia salicifolia R.E.Fr.",16
"596","Duranta vestita Cham.",27
"597","Duroia saccifera (Schult. & Schult.f.) K.Schum.",12
"598","Ecclinusa ramiflora Mart.",99
"599","Elvasia tricarpellata Sastre",14
"600","Emmotum affine Miers",29
"601","Emmotum nitens (Benth.) Miers",20
"602","Endlicheria glomerata Mez",60
"603","Endlicheria paniculata (Spreng.) J.F.Macbr.",380
"604","Enterolobium contortisiliquum (Vell.) Morong",199
"605","Enterolobium monjollo (Vell.) Mart.",19
"606","Eremanthus capitatus (Spreng.) MacLeish",18
"607","Eremanthus crotonoides (DC.) Sch.Bip.",20
"608","Eremanthus elaeagnus (Mart. ex DC.) Sch.Bip.",11
"609","Eremanthus erythropappus (DC.) MacLeish",67
"610","Eremanthus glomerulatus Less.",17
"611","Eremanthus incanus (Less.) Less.",49
"612","Eriotheca candolleana (K.Schum.) A.Robyns",109
"613","Eriotheca macrophylla (K.Schum.) A.Robyns",97
"614","Eriotheca obcordata A.Robyns",13
"615","Eriotheca pentaphylla (Vell. & K.Schum.) A.Robyns",38
"616","Erythrina cristagalli L.",65
"617","Erythrina falcata Benth.",221
"618","Erythrina fusca Lour.",14
"619","Erythrina speciosa Andrews",48
"620","Erythrina velutina Willd.",23
"621","Erythrina verna Vell.",46
"622","Erythrochiton brasiliensis Nees & Mart.",26
"623","Erythroxylum affine A.St.-Hil.",11
"624","Erythroxylum argentinum O.E.Schulz",81
"625","Erythroxylum citrifolium A.St.-Hil.",157
"626","Erythroxylum coelophlebium Mart.",16
"627","Erythroxylum columbinum Mart.",30
"628","Erythroxylum cuneifolium (Mart.) O.E.Schulz",58
"629","Erythroxylum cuspidifolium Mart.",103
"630","Erythroxylum daphnites Mart.",22
"631","Erythroxylum deciduum A.St.-Hil.",276
"632","Erythroxylum distortum Mart.",13
"633","Erythroxylum mucronatum Benth.",18
"634","Erythroxylum myrsinites Mart.",20
"635","Erythroxylum nobile O.E.Schulz",21
"636","Erythroxylum passerinum Mart.",43
"637","Erythroxylum pelleterianum A.St.-Hil.",137
"638","Erythroxylum polygonoides Mart.",12
"639","Erythroxylum pulchrum A.St.-Hil.",116
"640","Erythroxylum revolutum Mart.",22
"641","Erythroxylum squamatum Sw.",42
"642","Erythroxylum subrotundum A.St.-Hil.",44
"643","Erythroxylum vacciniifolium Mart.",73
"644","Escallonia bifida Link & Otto",72
"645","Escallonia chlorophylla Cham. & Schltdl.",14
"646","Escallonia megapotamica Spreng.",33
"647","Eschweilera alvimii S.A.Mori",15
"648","Eschweilera ovata (Cambess.) Mart. ex Miers",87
"649","Esenbeckia febrifuga (A.St.-Hil.) A. Juss. ex Mart.",120
"650","Esenbeckia grandiflora Mart.",336
"651","Esenbeckia leiocarpa Engl.",41
"652","Esenbeckia pilocarpoides Kunth",11
"653","Eugenia acutata Miq.",94
"654","Eugenia adenantha O.Berg",26
"655","Eugenia arenaria Cambess.",14
"656","Eugenia astringens Cambess.",76
"657","Eugenia bacopari D.Legrand",37
"658","Eugenia bahiensis DC.",27
"659","Eugenia batingabranca Sobral",25
"660","Eugenia beaurepairiana (Kiaersk.) D.Legrand",125
"661","Eugenia bocainensis Mattos",12
"662","Eugenia brasiliensis Lam.",152
"663","Eugenia brevistyla D.Legrand",107
"664","Eugenia bunchosiifolia Nied.",18
"665","Eugenia burkartiana (D.Legrand) D.Legrand",57
"666","Eugenia candolleana DC.",51
"667","Eugenia capitulifera O.Berg",11
"668","Eugenia catharinae O.Berg",19
"669","Eugenia catharinensis D.Legrand",28
"670","Eugenia cerasiflora Miq.",183
"671","Eugenia cereja D.Legrand",38
"672","Eugenia chlorophylla O.Berg",16
"673","Eugenia convexinervia D.Legrand",27
"674","Eugenia copacabanensis Kiaersk.",22
"675","Eugenia cuprea (O.Berg) Nied.",47
"676","Eugenia dodonaeifolia Cambess.",92
"677","Eugenia dysenterica (Mart.) DC.",21
"678","Eugenia egensis DC.",18
"679","Eugenia excelsa O.Berg",105
"680","Eugenia expansa Spring ex Mart.",11
"681","Eugenia flamingensis O.Berg",11
"682","Eugenia flavescens DC.",17
"683","Eugenia florida DC.",353
"684","Eugenia francavilleana O.Berg",27
"685","Eugenia fusca O.Berg",77
"686","Eugenia gracillima Kiaersk.",21
"687","Eugenia handroana D.Legrand",74
"688","Eugenia handroi (Mattos) Mattos",74
"689","Eugenia hiemalis Cambess.",165
"690","Eugenia hirta O.Berg",36
"691","Eugenia involucrata DC.",324
"692","Eugenia itapemirimensis Cambess.",20
"693","Eugenia kleinii D.Legrand",45
"694","Eugenia lambertiana DC.",25
"695","Eugenia leitonii",15
"696","Eugenia leptoclada O.Berg",21
"697","Eugenia ligustrina (Sw.) Willd.",125
"698","Eugenia longipedunculata Nied.",92
"699","Eugenia luschnathiana (O.Berg) Klotzsch ex B.D.Jacks.",28
"700","Eugenia macrantha O.Berg",17
"701","Eugenia macrosperma DC.",29
"702","Eugenia magnifica Spring ex Mart.",49
"703","Eugenia mandioccensis O.Berg",16
"704","Eugenia mansoi O.Berg",23
"705","Eugenia melanogyna (D.Legrand) Sobral",34
"706","Eugenia monosperma Vell.",29
"707","Eugenia multicostata D.Legrand",74
"708","Eugenia myrcianthes Nied.",47
"709","Eugenia neoglomerata Sobral",48
"710","Eugenia neomyrtifolia Sobral",38
"711","Eugenia neosilvestris Sobral",27
"712","Eugenia neoverrucosa Sobral",69
"713","Eugenia nutans O.Berg",43
"714","Eugenia oblongata O.Berg",65
"715","Eugenia oeidocarpa O.Berg",17
"716","Eugenia pisiformis Cambess.",98
"717","Eugenia platyphylla O.Berg",18
"718","Eugenia pluriflora DC.",116
"719","Eugenia prasina O.Berg",145
"720","Eugenia pruinosa D.Legrand",32
"721","Eugenia pruniformis Cambess.",18
"722","Eugenia punicifolia (Kunth) DC.",216
"723","Eugenia pyriformis Cambess.",191
"724","Eugenia ramboi D.Legrand",94
"725","Eugenia repanda O.Berg",35
"726","Eugenia rostrata O.Berg",18
"727","Eugenia rostrifolia D.Legrand",89
"728","Eugenia sclerocalyx D.Legrand",14
"729","Eugenia sonderiana O.Berg",58
"730","Eugenia speciosa Cambess.",63
"731","Eugenia stictopetala Mart. ex DC.",40
"732","Eugenia stigmatosa DC.",67
"733","Eugenia subavenia O.Berg",52
"734","Eugenia subterminalis DC.",118
"735","Eugenia sulcata Spring ex Mart.",38
"736","Eugenia umbellata Spreng.",31
"737","Eugenia umbrosa O.Berg",18
"738","Eugenia uniflora L.",276
"739","Eugenia uruguayensis Cambess.",86
"740","Eugenia vattimoana Mattos",20
"741","Eugenia vernicosa O.Berg",15
"742","Eugenia verticillata (Vell.) Angely",124
"743","Eugenia widgrenii Sond. ex O.Berg",19
"744","Euplassa cantareirae Sleumer",27
"745","Euplassa incana (Klotzsch) I.M.Johnst.",13
"746","Euplassa legalis (Vell.) I.M.Johnst.",46
"747","Euplassa nebularis Rambo & Sleumer",14
"748","Euplassa organensis (Gardner) I.M.Johnst.",33
"749","Euterpe edulis Mart.",300
"750","Exostyles venusta Schott",31
"751","Faramea atlantica J.G.Jardim & Zappi",31
"752","Faramea coerulea (Nees & Mart.) DC.",12
"753","Faramea hyacinthina Mart.",89
"754","Faramea latifolia (Cham. & Schltdl.) DC.",33
"755","Faramea martiana Müll.Arg.",54
"756","Faramea montevidensis (Cham. & Schltdl.) DC.",114
"757","Faramea nigrescens Mart.",19
"758","Faramea pachyantha Müll.Arg.",14
"759","Faramea porophylla (Vell.) Müll.Arg.",29
"760","Faramea stipulacea (Cham. & Schltdl.) DC.",19
"761","Faramea tetragona Müll.Arg.",17
"762","Faramea truncata (Vell.) Müll.Arg.",14
"763","Ferdinandusa speciosa (Pohl) Pohl",15
"764","Ficus adhatodifolia Schott in Spreng.",295
"765","Ficus americana Aubl.",52
"766","Ficus bahiensis C.C.Berg & Carauta",13
"767","Ficus calyptroceras (Miq.) Miq.",20
"768","Ficus castellviana Dugand",24
"769","Ficus cestrifolia Schott ex Spreng.",164
"770","Ficus citrifolia Mill.",115
"771","Ficus enormis Mart. ex Miq.",126
"772","Ficus eximia Schott",116
"773","Ficus gomelleira Kunth",167
"774","Ficus hirsuta Schott",23
"775","Ficus longifolia Schott",15
"776","Ficus luschnathiana (Miq.) Miq.",268
"777","Ficus mariae C.C.Berg, Emygdio & Carauta",13
"778","Ficus nymphaeifolia Mill.",25
"779","Ficus obtusifolia Kunth",15
"780","Ficus obtusiuscula (Miq.) Miq.",45
"781","Ficus pertusa L.f.",106
"782","Ficus pulchella Schott",38
"783","Ficus trigona L.f.",56
"784","Ficus trigonata L.",55
"785","Galipea jasminiflora (A.St.-Hil.) Engl.",111
"786","Galipea laxiflora Engl.",11
"787","Gallesia integrifolia (Spreng.) Harms",148
"788","Garcinia gardneriana (Planch. & Triana) Zappi",259
"789","Garcinia macrophylla Mart.",64
"790","Gaultheria eriophylla (Pers.) Sleumer ex Burtt",23
"791","Gaylussacia brasiliensis (Spreng.) Meisn.",94
"792","Gaylussacia montana (Pohl) Sleumer",12
"793","Gaylussacia pseudogaultheria Cham. & Schltdl.",48
"794","Gaylussacia salicifolia Sleumer",12
"795","Geissanthus ambiguus (Mart.) G.Agostini",56
"796","Geissospermum laeve (Vell.) Miers",42
"797","Genipa americana L.",91
"798","Genipa infundibuliformis Zappi & Semir",18
"799","Geonoma brevispatha Barb.Rodr.",23
"800","Geonoma pohliana Mart.",144
"801","Geonoma schottiana Mart.",279
"802","Gleditsia amorphoides (Griseb.) Taub.",29
"803","Glycydendron espiritosantense Kuhlm.",17
"804","Goniorrhachis marginata Taub.",48
"805","Griselinia ruscifolia (Clos) Taub.",24
"806","Guadua paniculata Munro",43
"807","Guadua tagoara (Nees) Kunth",32
"808","Guadua trinii (Nees) Nees ex Rupr.",16
"809","Guapira areolata (Heimerl) Lundell",54
"810","Guapira graciliflora (Mart. ex Schmidt) Lundell",142
"811","Guapira hirsuta (Choisy) Lundell",220
"812","Guapira nitida (Mart. ex J.A.Schmidt) Lundell",46
"813","Guapira obtusata (Jacq.) Little",54
"814","Guapira opposita (Vell.) Reitz",558
"815","Guapira pernambucensis (Casar.) Lundell",43
"816","Guapira tomentosa (Casar.) Lundell",12
"817","Guapira venosa (Choisy) Lundell",14
"818","Guarea blanchetii C.DC.",15
"819","Guarea guidonia (L.) Sleumer",201
"820","Guarea kunthiana A.Juss.",182
"821","Guarea macrophylla Vahl",424
"822","Guatteria australis A.St.-Hil.",370
"823","Guatteria campestris R.E.Fr.",47
"824","Guatteria candolleana Schltdl.",27
"825","Guatteria ferruginea A.St.-Hil.",46
"826","Guatteria macropus Mart.",30
"827","Guatteria oligocarpa Mart.",39
"828","Guatteria pogonopus Mart.",65
"829","Guatteria pohliana Schltdl.",24
"830","Guatteria schomburgkiana Mart.",17
"831","Guatteria sellowiana Schltdl.",86
"832","Guatteria villosissima A.St.-Hil.",65
"833","Guazuma crinita Mart.",17
"834","Guazuma ulmifolia Lam.",173
"835","Guettarda angelica Mart. ex Müll.Arg.",17
"836","Guettarda platypoda DC.",48
"837","Guettarda pohliana Müll.Arg.",14
"838","Guettarda uruguensis Cham. & Schltdl.",133
"839","Guettarda viburnoides Cham. & Schltdl.",218
"840","Gustavia augusta L.",20
"841","Gymnanthes klotzschiana Müll.Arg.",331
"842","Gymnanthes multiramea (Klotzsch) Müll.Arg.",20
"843","Gymnanthes schottiana Müll.Arg.",36
"844","Hamelia patens Jacq.",49
"845","Hancornia speciosa Gomes",26
"846","Handroanthus albus (Cham.) Mattos",146
"847","Handroanthus bureavii (Sandwith) S.Grose",33
"848","Handroanthus catarinensis (A.H.Gentry) S.Grose",17
"849","Handroanthus chrysotrichus (Mart. ex DC.) Mattos",164
"850","Handroanthus heptaphyllus (Vell.) Mattos",109
"851","Handroanthus impetiginosus (Mart. ex DC.) Mattos",99
"852","Handroanthus ochraceus (Cham.) Mattos",63
"853","Handroanthus pulcherrimus (Sandwith) Mattos",27
"854","Handroanthus riodocensis (A.H.Gentry) S.Grose",19
"855","Handroanthus serratifolius (Vahl) S.Grose",204
"856","Handroanthus umbellatus (Sond.) Mattos",114
"857","Handroanthus vellosoi (Toledo) Mattos",67
"858","Hedyosmum brasiliense Mart. ex Miq.",141
"859","Heisteria blanchetiana (Engl.) Sleumer",11
"860","Heisteria ovata Benth.",13
"861","Heisteria perianthomega (Vell.) Sleumer",61
"862","Heisteria silvianii Schwacke",210
"863","Helicostylis tomentosa (Poepp. & Endl.) Rusby",86
"864","Helicteres baruensis Jacq.",11
"865","Helicteres brevispira A.St.-Hil.",40
"866","Helicteres heptandra L.B.Sm.",12
"867","Helicteres lhotzkyana (Schott & Endl.) K.Schum.",11
"868","Helicteres ovata Lam.",63
"869","Helietta apiculata Benth.",104
"870","Heliocarpus popayanensis Kunth",51
"871","Hennecartia omphalandra J.Poiss.",109
"872","Henriettea glabra (Vell.) Penneys, F.A. Michelangeli, Judd et Almeda",31
"873","Henriettea succosa (Aubl.) DC.",40
"874","Heteropterys byrsonimifolia A.Juss.",36
"875","Hillia illustris (Vell.) K.Schum.",18
"876","Hillia parasitica Jacq.",58
"877","Himatanthus bracteatus (A. DC.) Woodson",182
"878","Himatanthus drasticus (Mart.) Plumel",27
"879","Hirtella angustifolia Schott ex Spreng.",16
"880","Hirtella bicornis Mart. & Zucc.",15
"881","Hirtella ciliata Mart. & Zucc.",43
"882","Hirtella glandulosa Spreng.",60
"883","Hirtella gracilipes (Hook.f.) Prance",43
"884","Hirtella hebeclada Moric. ex DC.",220
"885","Hirtella insignis Briq. ex Prance",19
"886","Hirtella martiana Hook.f.",21
"887","Hirtella racemosa Lam.",52
"888","Hirtella triandra Sw.",30
"889","Holocalyx balansae Micheli",121
"890","Hololepis pedunculata (DC. ex Pers.) DC.",17
"891","Hornschuchia bryotrophe Nees",21
"892","Hortia brasiliana Vand. ex DC.",87
"893","Hovenia dulcis Thunb.",62
"894","Huberia consimilis Baumgratz",13
"895","Huberia laurina DC.",15
"896","Huberia nettoana Brade",15
"897","Huberia ovalifolia DC.",32
"898","Huberia semiserrata DC.",25
"899","Humiria balsamifera (Aubl.) J.St.-Hil.",60
"900","Humiriastrum dentatum (Casar.) Cuatrec.",21
"901","Humiriastrum glaziovii (Urb.) Cuatrec.",34
"902","Hydrogaster trinervis Kuhlm.",27
"903","Hyeronima alchorneoides Allemão",272
"904","Hyeronima oblonga (Tul.) Müll.Arg. ",36
"905","Hymenaea aurea Y.T.Lee & Langenh.",17
"906","Hymenaea courbaril L.",227
"907","Hymenaea martiana Hayne",46
"908","Hymenaea rubriflora Ducke",30
"909","Hymenaea stigonocarpa Mart. ex Hayne",12
"910","Hymenolobium alagoanum Ducke",23
"911","Hymenolobium janeirense Kuhlm.",75
"912","Hyptidendron asperrimum (Spreng.) Harley",55
"913","Idiothamnus pseudorgyalis R.M.King & H.Rob.",12
"914","Ilex affinis Gardner",55
"915","Ilex brasiliensis (Spreng.) Loes.",28
"916","Ilex brevicuspis Reissek",249
"917","Ilex cerasifolia Reissek",101
"918","Ilex conocarpa Reissek",13
"919","Ilex dumosa Reissek",305
"920","Ilex floribunda Reissek ex Maxim.",26
"921","Ilex integerrima (Vell.) Reissek",37
"922","Ilex lundii Warm.",14
"923","Ilex microdonta Reissek",130
"924","Ilex paraguariensis A.St.-Hil.",275
"925","Ilex psammophila Mart. ex Reissek",11
"926","Ilex pseudobuxus Reissek",71
"927","Ilex pseudovaccinium Reissek ex Maxim.",11
"928","Ilex sapotifolia Reissek",20
"929","Ilex taubertiana Loes.",53
"930","Ilex theezans Mart. ex Reissek",316
"931","Inga barbata Benth.",35
"932","Inga blanchetiana Benth.",16
"933","Inga bullata Benth.",14
"934","Inga capitata Desv.",171
"935","Inga cayennensis Sagot ex Benth.",20
"936","Inga ciliata C.Presl",12
"937","Inga congesta T.D.Penn.",14
"938","Inga cordistipula Mart.",12
"939","Inga cylindrica (Vell.) Mart.",83
"940","Inga edulis Mart.",151
"941","Inga edwallii (Harms) T.D.Penn.",23
"942","Inga flagelliformis (Vell.) Mart.",66
"943","Inga hispida Schott ex Benth.",21
"944","Inga ingoides (Rich.) Willd.",128
"945","Inga lanceifolia Benth.",20
"946","Inga laurina (Sw.) Willd.",141
"947","Inga lenticellata Benth.",27
"948","Inga lentiscifolia Benth.",65
"949","Inga leptantha Benth.",32
"950","Inga marginata Willd.",437
"951","Inga platyptera Benth.",16
"952","Inga pleiogyna T.D.Penn.",11
"953","Inga schinifolia Benth.",14
"954","Inga sellowiana Benth.",49
"955","Inga sessilis (Vell.) Mart.",257
"956","Inga striata Benth.",281
"957","Inga subnuda Salzm. ex Benth.",138
"958","Inga tenuis (Vell.) Mart.",23
"959","Inga thibaudiana DC.",107
"960","Inga tripa",14
"961","Inga vera Willd.",289
"962","Inga virescens Benth.",107
"963","Inga vulpina Mart. ex Benth.",46
"964","Ixora brevifolia Benth.",119
"965","Ixora gardneriana Benth.",37
"966","Ixora venulosa Benth.",88
"967","Jacaranda brasiliana (Lam.) Pers.",25
"968","Jacaranda caroba (Vell.) DC.",13
"969","Jacaranda irwinii A.H.Gentry",12
"970","Jacaranda jasminoides (Thunb.) Sandwith",17
"971","Jacaranda macrantha Cham.",99
"972","Jacaranda micrantha Cham.",223
"973","Jacaranda microcalyx A.H.Gentry",17
"974","Jacaranda montana Morawetz",11
"975","Jacaranda obovata Cham.",20
"976","Jacaranda puberula Cham.",364
"977","Jacaranda subalpina Morawetz",11
"978","Jacaratia heptaphylla (Vell.) A.DC.",156
"979","Jacaratia spinosa (Aubl.) A.DC.",94
"980","Jacquinia armillaris Jacq.",23
"981","Jatropha mollissima (Pohl) Baill.",25
"982","Joannesia princeps Vell.",79
"983","Kaunia rufescens (Lund ex DC.) R.M. King & H. Rob.",53
"984","Kielmeyera altissima Saddi",13
"985","Kielmeyera excelsa Cambess.",13
"986","Kielmeyera lathrophyton Saddi",55
"987","Kielmeyera membranacea Casar.",22
"988","Kielmeyera petiolaris Mart. & Zucc.",12
"989","Lacistema hasslerianum Chodat",92
"990","Lacistema pubescens Mart.",130
"991","Lacistema robustum Schnizl.",86
"992","Lacmellea pauciflora (Kuhlm.) Markgr.",15
"993","Ladenbergia hexandra (Pohl) Klotzsch",13
"994","Lafoensia glyptocarpa Koehne",41
"995","Lafoensia pacari A.St.-Hil.",151
"996","Laguncularia racemosa (L.) C.F.Gaertn.",14
"997","Lamanonia cuneata (Cambess.) Kuntze",17
"998","Lamanonia grandistipularis (Taub.) Taub.",21
"999","Lamanonia ternata Vell.",395
"1000","Laplacea fructicosa (Schrad.) Kobuski",217
"1001","Leandra acutiflora (Naudin) Cogn.",72
"1002","Leandra aurea (Cham.) Cogn.",109
"1003","Leandra barbinervis (Cham. ex Triana) Cogn.",65
"1004","Leandra carassana (DC.) Cogn.",84
"1005","Leandra fallax (Cham.) Cogn.",31
"1006","Leandra fragilis Cogn.",38
"1007","Leandra melastomoides Raddi",199
"1008","Leandra quinquedentata (DC.) Cogn.",46
"1009","Leandra regnellii (Triana) Cogn.",88
"1010","Leandra rufescens (DC.) Cogn.",14
"1011","Leandra variabilis Raddi",125
"1012","Lecythis lanceolata Poir.",58
"1013","Lecythis lurida (Miers) S.A.Mori",83
"1014","Lecythis pisonis Cambess.",129
"1015","Leptolobium bijugum (Spreng.) Vogel",15
"1016","Leptolobium dasycarpum Vogel",16
"1017","Leptolobium elegans Vogel",14
"1018","Leucochloron incuriale (Vell.) Barneby & J.W.Grimes",74
"1019","Libidibia ferrea (Mart. ex Tul.) L.P.Queiroz",36
"1020","Licania apetala (E.Mey.) Fritsch",17
"1021","Licania belemii Prance",19
"1022","Licania hoehnei Pilg.",78
"1023","Licania kunthiana Hook.f.",152
"1024","Licania littoralis Warm.",25
"1025","Licania nitida Hook.f.",12
"1026","Licania octandra (Hoffmanns. ex Roem. & Schult.) Kuntze",135
"1027","Licania riedelii Prance",16
"1028","Licania rigida Benth.",16
"1029","Licania salzmannii (Hook.f.) Fritsch",17
"1030","Licania spicata Hook.f.",30
"1031","Licania tomentosa (Benth.) Fritsch",29
"1032","Licaria armeniaca (Nees) Kosterm.",52
"1033","Licaria bahiana Kurz",33
"1034","Licaria guianensis Aubl.",47
"1035","Lithrea brasiliensis Marchand",179
"1036","Lithrea molleoides (Vell.) Engl.",171
"1037","Lonchocarpus cultratus (Vell.) A.M.G.Azevedo & H.C.Lima",245
"1038","Lonchocarpus nitidus (Vogel) Benth.",63
"1039","Lonchocarpus sericeus (Poir.) Kunth ex DC.",32
"1040","Ludwigia elegans (Cambess.) H.Hara",42
"1041","Luehea candicans Mart. & Zucc.",138
"1042","Luehea conwentzii K.Schum.",17
"1043","Luehea divaricata Mart. & Zucc.",448
"1044","Luehea grandiflora Mart. & Zucc.",143
"1045","Luehea ochrophylla Mart.",45
"1046","Luehea paniculata Mart. & Zucc.",14
"1047","Luetzelburgia guaissara Toledo",24
"1048","Mabea fistulifera Mart.",125
"1049","Mabea glaziovii Pax & K.Hoffm.",13
"1050","Mabea occidentalis Benth.",22
"1051","Mabea piriri Aubl.",83
"1052","Machaerium acutifolium Vogel",45
"1053","Machaerium brasiliense Vogel",199
"1054","Machaerium cantarellianum Hoehne",22
"1055","Machaerium floridum (Mart. ex Benth.) Ducke",19
"1056","Machaerium fulvovenosum H.C.Lima",28
"1057","Machaerium hatschbachii Rudd",14
"1058","Machaerium hirtum (Vell.) Stellfeld",269
"1059","Machaerium incorruptibile (Vell.) Benth.",31
"1060","Machaerium lanceolatum (Vell.) J.F.Macbr.",38
"1061","Machaerium leucopterum Vogel",15
"1062","Machaerium nyctitans (Vell.) Benth.",270
"1063","Machaerium ovalifolium Glaz. ex Rudd",22
"1064","Machaerium paraguariense Hassl.",161
"1065","Machaerium pedicellatum Vogel",24
"1066","Machaerium ruddianum C.V.Mendonça & A.M.G.Azevedo",12
"1067","Machaerium scleroxylon Tul.",41
"1068","Machaerium stipitatum Vogel",356
"1069","Machaerium villosum Vogel",124
"1070","Machaonia acuminata Bonpl.",12
"1071","Machaonia brasiliensis (Hoffmanns. ex Humb.) Cham. & Schltdl.",38
"1072","Maclura tinctoria (L.) D.Don ex Steud.",234
"1073","Macoubea guianensis Aubl.",11
"1074","Macrolobium latifolium Vogel",30
"1075","Macropeplus dentatus (Perkins) I.Santos & Peixoto",21
"1076","Macropeplus ligustrinus (Tul.) Perkins",15
"1077","Macropeplus schwackeanus (Perkins) I.Santos & Peixoto",16
"1078","Macrothumia kuhlmannii (Sleumer) M.H.Alford",39
"1079","Macrotorus utriculatus (Mart.) Perkins",18
"1080","Magnolia ovata (A.St.-Hil.) Spreng.",180
"1081","Magonia pubescens A.St.-Hil.",12
"1082","Malouetia cestroides (Nees ex Mart.) Müll.Arg.",63
"1083","Manihot caerulescens Pohl",25
"1084","Manihot carthaginensis subsp. glaziovii (Müll.Arg.) Allem",14
"1085","Manihot grahamii Hook.",91
"1086","Manihot pilosa Pohl",38
"1087","Manilkara decrescens T.D.Penn.",11
"1088","Manilkara longifolia (A.DC.) Dubard",28
"1089","Manilkara rufula (Miq.) H.J.Lam",34
"1090","Manilkara salzmannii (A.DC.) H.J.Lam",85
"1091","Manilkara subsericea (Mart.) Dubard",70
"1092","Maprounea brasiliensis A.St.-Hil.",11
"1093","Maprounea guianensis Aubl.",134
"1094","Margaritaria nobilis L.f.",136
"1095","Margaritopsis astrellantha (Wernham) L.Andersson",34
"1096","Marlierea antonia (O.Berg) D.Legrand",11
"1097","Marlierea clausseniana (O.Berg) Kiaersk.",55
"1098","Marlierea eugeniopsoides ( D.Legrand & Kausel) D.Legrand",66
"1099","Marlierea excoriata Mart.",206
"1100","Marlierea gardneriana (O.Berg) Nied.",14
"1101","Marlierea laevigata (DC.) Kiaersk.",46
"1102","Marlierea obscura O.Berg",76
"1103","Marlierea obversa D.Legrand",17
"1104","Marlierea parvifolia O.Berg",11
"1105","Marlierea racemosa (Vell.) Kiaersk.",95
"1106","Marlierea regeliana O.Berg",57
"1107","Marlierea reitzii D.Legrand",27
"1108","Marlierea silvatica (O.Berg) Kiaersk.",84
"1109","Marlierea suaveolens Cambess.",32
"1110","Marlierea sucrei G.M.Barroso & Peixoto",14
"1111","Marlierea tomentosa Cambess.",106
"1112","Matayba cristae Reitz",31
"1113","Matayba discolor (Spreng.) Radlk.",16
"1114","Matayba elaeagnoides Radlk.",332
"1115","Matayba guianensis Aubl.",125
"1116","Matayba intermedia Radlk.",156
"1117","Matayba juglandifolia (Cambess.) Radlk.",82
"1118","Matayba marginata Radlk.",27
"1119","Matayba mollis Radlk.",31
"1120","Matayba obovata R. Coelho, Souza & Ferrucci",30
"1121","Maytenus aquifolia Mart.",205
"1122","Maytenus ardisiaefolia Reissek",16
"1123","Maytenus boaria Molina",50
"1124","Maytenus brasiliensis Mart.",38
"1125","Maytenus cestrifolia Reissek",19
"1126","Maytenus communis Reissek",76
"1127","Maytenus dasyclada Mart.",55
"1128","Maytenus distichophylla Mart. ex Reissek",21
"1129","Maytenus erythroxyla Reissek",48
"1130","Maytenus evonymoides Reissek",193
"1131","Maytenus floribunda Reissek",45
"1132","Maytenus glaucescens Reissek",41
"1133","Maytenus gonoclada Mart.",307
"1134","Maytenus ilicifolia Mart. ex Reissek",78
"1135","Maytenus obtusifolia Mart.",48
"1136","Maytenus patens Reissek",16
"1137","Maytenus rigida Mart.",18
"1138","Maytenus schumanniana Loes.",34
"1139","Maytenus subalata Reissek",14
"1140","Melanopsidium nigrum Colla",20
"1141","Melanoxylon brauna Schott",126
"1142","Melicoccus oliviformis Kunth",14
"1143","Meliosma itatiaiae Urb.",20
"1144","Meliosma sellowii Urb.",183
"1145","Meriania claussenii (Naudin) Triana",29
"1146","Metrodorea mollis Taub.",16
"1147","Metrodorea nigra A.St.-Hil.",89
"1148","Metrodorea stipularis Mart.",38
"1149","Metternichia princeps J.C.Mikan",16
"1150","Miconia affinis DC.",23
"1151","Miconia albicans (Sw.) Triana",81
"1152","Miconia amacurensis Wurdack",11
"1153","Miconia amoena Triana",29
"1154","Miconia brasiliensis (Spreng.) Triana",27
"1155","Miconia brunnea DC.",54
"1156","Miconia budlejoides Triana",105
"1157","Miconia cabucu Hoehne",102
"1158","Miconia calvescens DC.",121
"1159","Miconia castaneiflora Naudin",13
"1160","Miconia caudigera DC.",12
"1161","Miconia chamissois Naudin",66
"1162","Miconia chartacea Triana",107
"1163","Miconia cinerascens Miq.",203
"1164","Miconia cinnamomifolia (DC.) Naudin",282
"1165","Miconia collatata Wurdack",13
"1166","Miconia corallina Spring",23
"1167","Miconia cubatanensis Hoehne",135
"1168","Miconia cuspidata Naudin",11
"1169","Miconia discolor DC.",57
"1170","Miconia dodecandra Cogn.",59
"1171","Miconia fasciculata Gardner",65
"1172","Miconia holosericea (L.) DC.",107
"1173","Miconia hyemalis A.St.-Hil. & Naudin",70
"1174","Miconia hypoleuca (Benth.) Triana",12
"1175","Miconia inconspicua Miq.",45
"1176","Miconia jucunda (DC.) Triana",22
"1177","Miconia latecrenata (DC.) Naudin",220
"1178","Miconia lepidota DC.",45
"1179","Miconia ligustroides (DC.) Naudin",131
"1180","Miconia lurida Cogn.",18
"1181","Miconia lymanii Wurdack",28
"1182","Miconia mendoncae Cogn.",11
"1183","Miconia minutiflora (Bonpl.) DC.",109
"1184","Miconia mirabilis (Aubl.) L.O.Williams",47
"1185","Miconia paucidens DC.",27
"1186","Miconia pepericarpa DC.",46
"1187","Miconia petropolitana Cogn.",49
"1188","Miconia prasina (Sw.) DC.",170
"1189","Miconia pusilliflora (DC.) Naudin",235
"1190","Miconia racemifera (DC.) Triana",13
"1191","Miconia ramboi Brade",20
"1192","Miconia rimalis Naudin",31
"1193","Miconia sellowiana Naudin",167
"1194","Miconia serrulata (DC.) Naudin",16
"1195","Miconia splendens (Sw.) Griseb.",13
"1196","Miconia theaezans Cogn.",93
"1197","Miconia tomentosa (Rich.) D.Don",13
"1198","Miconia trianae Cogn.",43
"1199","Miconia tristis Spring",97
"1200","Miconia urophylla DC.",35
"1201","Miconia valtheri Naudin",63
"1202","Miconia willdenowii Klotzsch ex Naudin",30
"1203","Micrandra elata (Didr.) Müll.Arg.",32
"1204","Micropholis compta Pierre in Urb.",21
"1205","Micropholis crassipedicellata (Mart. & Eichler) Pierre",70
"1206","Micropholis gardneriana (A.DC.) Pierre",116
"1207","Micropholis guyanensis (A.DC.) Pierre",19
"1208","Micropholis venulosa (Mart. & Eichler) Pierre",17
"1209","Microstachys serrulata (Mart.) Müll.Arg.",44
"1210","Mimosa arenosa (Willd.) Poir.",25
"1211","Mimosa artemisiana Heringer & Paula",20
"1212","Mimosa bimucronata (DC.) Kuntze",113
"1213","Mimosa gemmulata Barneby",15
"1214","Mimosa micropteris Benth.",18
"1215","Mimosa pilulifera Benth.",24
"1216","Mimosa regnellii Benth.",22
"1217","Mimosa scabrella Benth.",152
"1218","Mimosa tenuiflora (Willd.) Poir.",29
"1219","Moldenhawera floribunda Schrad.",25
"1220","Mollinedia argyrogyna Perkins",109
"1221","Mollinedia blumenaviana Perkins",31
"1222","Mollinedia boracensis Peixoto",14
"1223","Mollinedia clavigera Tul.",57
"1224","Mollinedia elegans Tul.",57
"1225","Mollinedia engleriana Perkins",19
"1226","Mollinedia fruticulosa Perkins",12
"1227","Mollinedia gilgiana Perkins",12
"1228","Mollinedia glabra (Spreng.) Perkins",24
"1229","Mollinedia heteranthera Perkins",14
"1230","Mollinedia lamprophylla Perkins",11
"1231","Mollinedia longifolia Perkins",19
"1232","Mollinedia marqueteana Peixoto",21
"1233","Mollinedia micrantha Perkins",35
"1234","Mollinedia oligantha Perkins",53
"1235","Mollinedia ovata Ruiz & Pav.",33
"1236","Mollinedia pachysandra Perkins",11
"1237","Mollinedia schottiana (Spreng.) Perkins",231
"1238","Mollinedia triflora (Spreng.) Tul.",99
"1239","Mollinedia uleana Perkins",66
"1240","Mollinedia widgrenii A.DC.",114
"1241","Molopanthera paniculata Turcz.",37
"1242","Monilicarpa brasiliana (Banks ex DC.) Cornejo & Iltis",21
"1243","Moquinia racemosa (Spreng.) DC.",15
"1244","Moquiniastrum blanchetianum (DC.) G. Sancho",14
"1245","Moquiniastrum paniculatum (Less.) G. Sancho",41
"1246","Moquiniastrum polymorphum (Less.) G. Sancho",244
"1247","Moquiniastrum sordidum (Less.) G. Sancho",14
"1248","Morus nigra L.",14
"1249","Mouriri arborea Gardner",23
"1250","Mouriri chamissoana Cogn.",89
"1251","Mouriri glazioviana Cogn.",53
"1252","Mouriri guianensis Aubl.",20
"1253","Mouriri regeliana Cogn.",11
"1254","Muellera campestris (Mart. ex Benth.) M.J. Silva & A.M.G. Azevedo",221
"1255","Muellera virgilioides (Vogel) M.J. Silva & A.M.G. Azevedo",18
"1256","Myracrodruon urundeuva Allemão",46
"1257","Myrceugenia acutiflora (Kiaersk.) D.Legrand & Kausel",18
"1258","Myrceugenia alpigena (DC.) Landrum",111
"1259","Myrceugenia bracteosa (DC.) D.Legrand & Kausel",12
"1260","Myrceugenia campestris (DC.) D.Legrand & Kausel",82
"1261","Myrceugenia cucullata D.Legrand",46
"1262","Myrceugenia euosma (O.Berg) D.Legrand",132
"1263","Myrceugenia foveolata (O.Berg) Sobral",15
"1264","Myrceugenia glaucescens (Cambess.) D.Legrand & Kausel",118
"1265","Myrceugenia kleinii D.Legrand & Kausel",17
"1266","Myrceugenia miersiana (Gardner) D.Legrand & Kausel",172
"1267","Myrceugenia myrcioides (Cambess.) O.Berg",197
"1268","Myrceugenia ovalifolia (O.Berg) Landrum",41
"1269","Myrceugenia ovata (Hook. & Arn.) O.Berg",137
"1270","Myrceugenia oxysepala (Burret) D.Legrand & Kausel",59
"1271","Myrceugenia pilotantha (Kiaersk.) Landrum",64
"1272","Myrceugenia reitzii D.Legrand",33
"1273","Myrceugenia rufescens (DC.) D.Legrand & Kausel",25
"1274","Myrceugenia scutellata D.Legrand",20
"1275","Myrceugenia seriatoramosa (Kiaersk.) D.Legrand & Kausel",24
"1276","Myrceugenia venosa D.Legrand",20
"1277","Myrcia aethusa (O.Berg) N.Silveira",83
"1278","Myrcia amazonica DC.",120
"1279","Myrcia anacardiifolia Gardner",87
"1280","Myrcia anceps (Spreng.) O.Berg",40
"1281","Myrcia bergiana O.Berg",19
"1282","Myrcia blanchetiana (O.Berg) Mattos",12
"1283","Myrcia brasiliensis Kiaersk.",106
"1284","Myrcia calyptranthoides (O.Berg) Mattos",18
"1285","Myrcia cordiifolia DC.",11
"1286","Myrcia crocea Kiaersk.",71
"1287","Myrcia decorticans DC.",17
"1288","Myrcia diaphana (O.Berg) N.Silveira",15
"1289","Myrcia dichrophylla D.Legrand",43
"1290","Myrcia eriocalyx DC.",55
"1291","Myrcia eriopus DC.",52
"1292","Myrcia eumecephylla (O.Berg) Nied.",11
"1293","Myrcia fenzliana O.Berg",45
"1294","Myrcia flagellaris (D.Legrand) Sobral",28
"1295","Myrcia follii G.M.Barroso & Peixoto",12
"1296","Myrcia freyreissiana (O.Berg) Kiaersk.",13
"1297","Myrcia glabra (O.Berg) D.Legrand",111
"1298","Myrcia grandifolia Cambess.",23
"1299","Myrcia guianensis (Aubl.) DC.",432
"1300","Myrcia hartwegiana (O.Berg) Kiaersk.",131
"1301","Myrcia hatschbachii D.Legrand",88
"1302","Myrcia hebepetala DC.",205
"1303","Myrcia heringii D.Legrand",15
"1304","Myrcia hexasticha Kiaersk.",11
"1305","Myrcia ilheosensis Kiaersk.",49
"1306","Myrcia insularis Gardner",19
"1307","Myrcia isaiana G.M.Barroso & Peixoto",17
"1308","Myrcia lajeana D.Legrand",35
"1309","Myrcia laruotteana Cambess.",155
"1310","Myrcia lineata (O.Berg) Nied.",18
"1311","Myrcia mischophylla Kiaersk.",22
"1312","Myrcia multiflora (Lam.) DC.",371
"1313","Myrcia mutabilis (O.Berg) N.Silveira",38
"1314","Myrcia oblongata DC.",86
"1315","Myrcia obovata (O.Berg) Nied.",49
"1316","Myrcia oligantha O.Berg",76
"1317","Myrcia ovata Cambess.",11
"1318","Myrcia palustris DC.",152
"1319","Myrcia plusiantha Kiaersk.",11
"1320","Myrcia pubescens DC.",27
"1321","Myrcia pubiflora DC.",42
"1322","Myrcia pubipetala Miq.",172
"1323","Myrcia pulchra (O.Berg) Kiaersk.",147
"1324","Myrcia racemosa (O.Berg) Kiaersk.",102
"1325","Myrcia recurvata O.Berg",21
"1326","Myrcia reticulosa Miq.",11
"1327","Myrcia retorta Cambess.",112
"1328","Myrcia rupicola D.Legrand",11
"1329","Myrcia selloi (Spreng.) N.Silveira",60
"1330","Myrcia spectabilis DC.",123
"1331","Myrcia splendens (Sw.) DC.",587
"1332","Myrcia subverticillaris (O.Berg) Kiaersk.",11
"1333","Myrcia sylvatica (G.Mey.) DC.",70
"1334","Myrcia tenuivenosa Kiaersk.",32
"1335","Myrcia tijucensis Kiaersk.",109
"1336","Myrcia tomentosa (Aubl.) DC.",231
"1337","Myrcia undulata O.Berg",46
"1338","Myrcia variabilis DC.",14
"1339","Myrcia venulosa DC.",95
"1340","Myrcia vittoriana Kiaersk.",23
"1341","Myrcianthes gigantea (D.Legrand) D.Legrand",110
"1342","Myrcianthes pungens (O.Berg) D.Legrand",154
"1343","Myrciaria cuspidata O.Berg",62
"1344","Myrciaria delicatula (DC.) O.Berg",70
"1345","Myrciaria disticha O.Berg",16
"1346","Myrciaria floribunda (H.West ex Willd.) O.Berg",443
"1347","Myrciaria glanduliflora (Kiaersk.) Mattos & D.Legrand",13
"1348","Myrciaria glazioviana (Kiaersk.) G.M.Barroso ex Sobral",21
"1349","Myrciaria glomerata O.Berg",30
"1350","Myrciaria plinioides D.Legrand",33
"1351","Myrciaria strigipes O.Berg",14
"1352","Myrciaria tenella (DC.) O.Berg",169
"1353","Myriocarpa stipitata Benth.",13
"1354","Myrocarpus fastigiatus Allemão",15
"1355","Myrocarpus frondosus Allemão",244
"1356","Myroxylon peruiferum L.f.",98
"1357","Myrrhinium atropurpureum Schott",100
"1358","Myrsine altomontana M.F.Freitas & Kin.-Gouv.",23
"1359","Myrsine balansae (Mez) Otegui",15
"1360","Myrsine coriacea (Sw.) R.Br. ex Roem. & Schult.",511
"1361","Myrsine emarginella Miq.",11
"1362","Myrsine gardneriana A.DC.",239
"1363","Myrsine guianensis (Aubl.) Kuntze",137
"1364","Myrsine hermogenesii (Jung-Mend. & Bernacci) M.F.Freitas & Kin.-Gouv.",39
"1365","Myrsine laetevirens (Mez) Arechav.",43
"1366","Myrsine lancifolia Mart.",60
"1367","Myrsine leuconeura Mart.",15
"1368","Myrsine lineata (Mez) Imkhan.",63
"1369","Myrsine loefgrenii (Mez) Imkhan.",84
"1370","Myrsine monticola Mart.",25
"1371","Myrsine parvifolia A.DC.",43
"1372","Myrsine parvula (Mez) Otegui",90
"1373","Myrsine squarrosa (Mez) M.F.Freitas & Kin.-Gouv.",12
"1374","Myrsine umbellata Mart.",623
"1375","Myrsine venosa A.DC.",114
"1376","Myrsine villosissima Mart.",17
"1377","Naucleopsis oblongifolia (Kuhlm.) Carauta",52
"1378","Nectandra angustifolia (Schrad.) Nees",29
"1379","Nectandra barbellata Coe-Teix.",15
"1380","Nectandra cissiflora Nees",76
"1381","Nectandra cuspidata Nees",49
"1382","Nectandra grandiflora Nees",218
"1383","Nectandra lanceolata Nees",365
"1384","Nectandra leucantha Nees",44
"1385","Nectandra megapotamica (Spreng.) Mez",422
"1386","Nectandra membranacea (Sw.) Griseb.",186
"1387","Nectandra nitidula Nees",80
"1388","Nectandra oppositifolia Nees",366
"1389","Nectandra paranaensis Coe-Teix.",12
"1390","Nectandra psammophila Nees",23
"1391","Nectandra puberula (Schott) Nees",102
"1392","Nectandra reticulata (Ruiz & Pav.) Mez",65
"1393","Neea floribunda Poepp. & Endl.",16
"1394","Neea pendulina Heimerl",24
"1395","Neea verticillata Ruiz & Pav.",24
"1396","Neocalyptrocalyx longifolium (Mart.) Cornejo & Iltis",19
"1397","Neocalyptrocalyx nectareus (Vell.) Hutch.",12
"1398","Neomitranthes cordifolia (D.Legrand) D.Legrand",22
"1399","Neomitranthes glomerata (D.Legrand) D.Legrand",59
"1400","Neomitranthes gracilis (Burret) N.Silveira",16
"1401","Neomitranthes obscura (DC.) N.Silveira",31
"1402","Neomitranthes sctictophylla (G.M.Barroso & Peixoto) M.Souza",13
"1403","Neoraputia alba (Nees & Mart.) Emmerich ex Kallunki",39
"1404","Neoraputia magnifica (Engl.) Emmerich ex Kallunki",24
"1405","Ocotea aciphylla (Nees & Mart.) Mez",216
"1406","Ocotea acutifolia (Nees) Mez",22
"1407","Ocotea aniboides (Meisn.) Mez",15
"1408","Ocotea argentea Mez",13
"1409","Ocotea bicolor Vattimo-Gil",78
"1410","Ocotea brachybotrya (Meisn.) Mez",93
"1411","Ocotea canaliculata ( Rich.) Mez",44
"1412","Ocotea catharinensis Mez",129
"1413","Ocotea cernua (Nees) Mez",20
"1414","Ocotea complicata (Meisn.) Mez",33
"1415","Ocotea confertiflora (Meisn.) Mez",13
"1416","Ocotea corymbosa (Meisn.) Mez",256
"1417","Ocotea daphnifolia (Meisn.) Mez",65
"1418","Ocotea diospyrifolia (Meisn.) Mez",292
"1419","Ocotea dispersa (Nees & Mart.) Mez",129
"1420","Ocotea divaricata (Nees) Mez",110
"1421","Ocotea domatiata Mez",11
"1422","Ocotea duckei Vattimo-Gil",26
"1423","Ocotea glauca (Nees & Mart.) Mez",26
"1424","Ocotea glaziovii Mez",131
"1425","Ocotea glomerata (Nees) Mez",71
"1426","Ocotea indecora (Schott) Mez",307
"1427","Ocotea insignis Mez",14
"1428","Ocotea lanata (Nees & Mart.) Mez",53
"1429","Ocotea lancifolia (Schott) Mez",133
"1430","Ocotea laxa (Nees) Mez",87
"1431","Ocotea limae Vattimo-Gil",14
"1432","Ocotea lobbii (Meisn.) Rohwer",17
"1433","Ocotea longifolia Kunth",57
"1434","Ocotea mandioccana A.Quinet",54
"1435","Ocotea minarum (Nees & Mart.) Mez",57
"1436","Ocotea nectandrifolia Mez",108
"1437","Ocotea nitida (Meisn.) Rohwer",45
"1438","Ocotea notata (Nees & Mart.) Mez",112
"1439","Ocotea nutans (Nees) Mez",50
"1440","Ocotea odorifera (Vell.) Rohwer",338
"1441","Ocotea percoriacea Kosterm.",22
"1442","Ocotea pomaderroides (Meisn.) Mez",29
"1443","Ocotea porosa (Nees & Mart.) Barroso",118
"1444","Ocotea puberula (Rich.) Nees",487
"1445","Ocotea pulchella (Nees & Mart.) Mez",377
"1446","Ocotea pulchra Vattimo-Gil",123
"1447","Ocotea silvestris Vattimo-Gil",157
"1448","Ocotea spectabilis (Meisn.) Mez",20
"1449","Ocotea spixiana (Nees) Mez",52
"1450","Ocotea tabacifolia (Meisn.) Rohwer",12
"1451","Ocotea teleiandra (Meisn.) Mez",126
"1452","Ocotea tenuiflora (Nees) Mez",30
"1453","Ocotea tristis (Nees & Mart.) Mez",65
"1454","Ocotea vaccinioides (Meisn.) Mez",45
"1455","Ocotea velloziana (Meisn.) Mez",83
"1456","Ocotea velutina (Nees) Rohwer",83
"1457","Ocotea villosa Kosterm.",15
"1458","Ocotea virgultosa (Nees) Mart.",12
"1459","Opuntia monacantha Haw.",12
"1460","Oreopanax capitatus (Jacq.) Decne. & Planch.",48
"1461","Oreopanax fulvus Marchal",77
"1462","Ormosia arborea (Vell.) Harms",228
"1463","Ormosia fastigiata Tul.",46
"1464","Ormosia nitida Vogel",21
"1465","Ossaea angustifolia (DC.) Triana",31
"1466","Ossaea marginata (Desr.) Triana",28
"1467","Ouratea castaneifolia (DC.) Engl.",72
"1468","Ouratea fieldingiana (Gardner) Engl.",35
"1469","Ouratea floribunda (A.St.-Hil.) Engl.",15
"1470","Ouratea hexasperma (A.St.-Hil.) Baill.",43
"1471","Ouratea multiflora (Pohl) Engl.",19
"1472","Ouratea parviflora (A.DC.) Baill.",144
"1473","Ouratea polygyna Engl.",48
"1474","Ouratea salicifolia (A.St.-Hil. & Tul.) Engl.",71
"1475","Ouratea semiserrata (Mart. & Nees) Engl.",92
"1476","Ouratea vaccinioides (A.St.-Hil. & Tul.) Engl.",38
"1477","Oxandra martiana (Schltdl.) R.E.Fr.",33
"1478","Oxandra nitida R.E.Fr.",27
"1479","Pachira endecaphylla (Vell.) Carv.-Sobr.",36
"1480","Pachira glabra Pasq.",27
"1481","Pachystroma longifolium (Nees) I.M.Johnst.",123
"1482","Palicourea blanchetiana Schltdl.",27
"1483","Palicourea crocea (Sw.) Roem. & Schult.",44
"1484","Palicourea guianensis Aubl.",23
"1485","Panopsis multiflora (Schott) Ducke",14
"1486","Paradrypetes ilicifolia Kuhlm.",23
"1487","Paralychnophora bicolor (DC.) MacLeish",12
"1488","Parapiptadenia pterosperma (Benth.) Brenan",42
"1489","Parapiptadenia rigida (Benth.) Brenan",172
"1490","Parapiptadenia zehntneri (Harms) M.P.Lima & H.C.Lima",12
"1491","Paratecoma peroba (Record) Kuhlm.",20
"1492","Parinari excelsa Sabine",50
"1493","Parkia pendula (Willd.) Benth. ex Walp.",50
"1494","Pausandra morisiana (Casar.) Radlk.",98
"1495","Pavonia makoyana E.Morren",13
"1496","Pavonia malacophylla (Link & Otto) Garcke",29
"1497","Paypayrola blanchetiana Tul.",36
"1498","Peltogyne angustiflora Ducke",17
"1499","Peltogyne discolor Vogel",28
"1500","Peltogyne pauciflora Benth.",11
"1501","Peltophorum dubium (Spreng.) Taub.",209
"1502","Pera anisotricha Müll. Arg.",21
"1503","Pera glabrata (Schott) Poepp. ex Baill.",416
"1504","Pera heteranthera (Schrank) I.M.Johnst.",63
"1505","Pereskia aculeata Mill.",78
"1506","Pereskia grandifolia Haw.",43
"1507","Peritassa flaviflora A.C.Sm.",17
"1508","Persea alba Nees & Mart.",57
"1509","Persea aurata Miq.",13
"1510","Persea caesia Meisn.",11
"1511","Persea fulva L.E.Kopp",52
"1512","Persea major (Meisn.) L.E.Kopp",96
"1513","Persea rufotomentosa Nees & Mart.",40
"1514","Persea venosa Nees & Mart.",92
"1515","Persea willdenovii Kosterm.",170
"1516","Philyra brasiliensis Klotzsch",12
"1517","Phyllanthus acuminatus Vahl",55
"1518","Phyllanthus cladotrichus Müll.Arg.",12
"1519","Phyllanthus juglandifolius Willd.",17
"1520","Phyllanthus umbratus Müll.Arg.",12
"1521","Phyllostemonodaphne geminiflora (Mez) Kosterm.",45
"1522","Phytolacca dioica L.",163
"1523","Picramnia andrade-limae Pirani",12
"1524","Picramnia bahiensis Turcz.",13
"1525","Picramnia ciliata Mart.",46
"1526","Picramnia excelsa Kuhlm. ex Pirani",16
"1527","Picramnia gardneri Planch.",38
"1528","Picramnia glazioviana Engl.",119
"1529","Picramnia parvifolia Engl.",139
"1530","Picramnia ramiflora Planch.",69
"1531","Picramnia sellowii Planch.",68
"1532","Picrasma crenata (Vell.) Engl.",140
"1533","Pilocarpus giganteus Engl.",45
"1534","Pilocarpus grandiflorus Engl.",14
"1535","Pilocarpus pauciflorus A.St.-Hil.",58
"1536","Pilocarpus pennatifolius Lem.",106
"1537","Pilocarpus riedelianus Engl.",35
"1538","Pilocarpus spicatus A.St.-Hil.",52
"1539","Pilosocereus catingicola (Gürke) Byles & Rowley",15
"1540","Pilosocereus pentaedrophorus (Cels) Byles & Rowley",12
"1541","Pimenta pseudocaryophyllus (Gomes) Landrum",238
"1542","Piper aduncum L.",282
"1543","Piper amalago L.",215
"1544","Piper arboreum Aubl.",276
"1545","Piper cernuum Vell.",177
"1546","Piper crassinervium Kunth",41
"1547","Piper hispidum Sw.",43
"1548","Piper macedoi Yunck.",30
"1549","Piper mollicomum Kunth",145
"1550","Piper richardiifolium Kunth",38
"1551","Piper rivinoides Kunth",35
"1552","Piper tectoniifolium Kunth",14
"1553","Piper tuberculatum Jacq.",43
"1554","Piptadenia gonoacantha (Mart.) J.F.Macbr.",249
"1555","Piptadenia paniculata Benth.",94
"1556","Piptadenia stipulacea (Benth.) Ducke",27
"1557","Piptadenia viridiflora (Kunth) Benth.",15
"1558","Piptocarpha angustifolia Dusén ex Malme",162
"1559","Piptocarpha axillaris (Less.) Baker",205
"1560","Piptocarpha densifolia Dusén ex G. Lom. Sm.",61
"1561","Piptocarpha macropoda (DC.) Baker",170
"1562","Piptocarpha regnellii (Sch.Bip.) Cabrera",89
"1563","Pisonia zapallo Griseb.",187
"1564","Pityrocarpa moniliformis (Benth.) Luckow & R.W.Jobson",27
"1565","Plathymenia reticulata Benth.",145
"1566","Platycyamus regnellii Benth.",89
"1567","Platymiscium floribundum Vogel",172
"1568","Platymiscium pubescens Micheli",39
"1569","Platypodium elegans Vogel",164
"1570","Plenckia populnea Reissek",26
"1571","Plinia cauliflora (Mart.) Kausel",55
"1572","Plinia complanata M.L.Kawas. & B.Holst",11
"1573","Plinia cordifolia (D.Legrand) Sobral",16
"1574","Plinia edulis (Vell.) Sobral",25
"1575","Plinia peruviana (Poir.) Govaerts",72
"1576","Plinia pseudodichasiantha (Kiaersk.) G.M.Barroso ex Sobral",27
"1577","Plinia rivularis (Cambess.) Rotman",97
"1578","Podocarpus lambertii Klotzsch ex Endl.",127
"1579","Podocarpus sellowii Klotzsch ex Endl.",128
"1580","Poecilanthe falcata (Vell.) Heringer",27
"1581","Poecilanthe grandiflora Benth.",18
"1582","Poecilanthe parviflora Benth.",26
"1583","Poecilanthe ulei (Harms) Arroyo & Rudd",15
"1584","Poeppigia procera C.Presl",28
"1585","Pogonophora schomburgkiana Miers ex Benth.",120
"1586","Poincianella echinata",21
"1587","Poincianella pluviosa (DC.) L.P.Queiroz",17
"1588","Poincianella pyramidalis (Tul.) L.P.Queiroz",24
"1589","Porcelia macrocarpa (Warm.) R.E.Fr.",29
"1590","Posoqueria acutifolia Mart.",26
"1591","Posoqueria latifolia (Rudge) Schult.",305
"1592","Posoqueria longiflora Aubl.",16
"1593","Pourouma guianensis Aubl.",166
"1594","Pourouma mollis Trécul",18
"1595","Pourouma velutina Mart. ex Miq.",20
"1596","Pouteria bangii (Rusby) T.D.Penn.",71
"1597","Pouteria bapeba T.D.Penn.",11
"1598","Pouteria beaurepairei (Glaz. & Raunk.) Baehni",27
"1599","Pouteria bullata (S.Moore) Baehni",29
"1600","Pouteria butyrocarpa (Kuhlm.) T.D.Penn.",16
"1601","Pouteria caimito (Ruiz & Pav.) Radlk.",155
"1602","Pouteria coelomatica Rizzini",19
"1603","Pouteria durlandii (Standl.) Baehni",16
"1604","Pouteria gardneri (Mart. & Miq.) Baehni",94
"1605","Pouteria gardneriana (A.DC.) Radlk.",77
"1606","Pouteria glomerata (Miq.) Radlk.",19
"1607","Pouteria grandiflora (A.DC.) Baehni",102
"1608","Pouteria guianensis Aubl.",43
"1609","Pouteria macahensis T.D.Penn.",17
"1610","Pouteria macrophylla (Lam.) Eyma",23
"1611","Pouteria microstrigosa T.D.Penn.",40
"1612","Pouteria pachycalyx T.D.Penn.",16
"1613","Pouteria psammophila (Mart.) Radlk.",37
"1614","Pouteria ramiflora (Mart.) Radlk.",36
"1615","Pouteria reticulata (Engl.) Eyma",54
"1616","Pouteria salicifolia (Spreng.) Radlk.",29
"1617","Pouteria torta (Mart.) Radlk.",96
"1618","Pouteria venosa (Mart.) Baehni",95
"1619","Pradosia lactescens (Vell.) Radlk.",118
"1620","Prockia crucis P.Browne ex L.",127
"1621","Protium bahianum Daly",17
"1622","Protium brasiliense (Spreng.) Engl.",72
"1623","Protium heptaphyllum (Aubl.) Marchand",324
"1624","Protium icicariba (DC.) Marchand",29
"1625","Protium kleinii Cuatrec.",78
"1626","Protium sagotianum Marchand",40
"1627","Protium spruceanum (Benth.) Engl.",104
"1628","Protium warmingianum Marchand",99
"1629","Protium widgrenii Engl.",66
"1630","Prunus myrtifolia (L.) Urb.",575
"1631","Pseudobombax grandiflorum (Cav.) A.Robyns",246
"1632","Pseudobombax marginatum (A.St.-Hil.) A. Robyns",17
"1633","Pseudobombax tomentosum (Mart. & Zucc.) A.Robyns",19
"1634","Pseudolmedia hirtula Kuhlm.",23
"1635","Pseudolmedia laevigata Trécul",24
"1636","Pseudopiptadenia contorta (DC.) G.P.Lewis & M.P.Lima",142
"1637","Pseudopiptadenia inaequalis (Benth.) Rauschert",19
"1638","Pseudopiptadenia leptostachya (Benth.) Rauschert",47
"1639","Pseudopiptadenia warmingii (Benth.) G.P.Lewis & M.P.Lima",69
"1640","Psidium brownianum Mart. ex DC.",44
"1641","Psidium cattleianum Sabine",234
"1642","Psidium guajava L.",82
"1643","Psidium guineense Sw.",169
"1644","Psidium longipetiolatum D.Legrand",25
"1645","Psidium myrtoides O.Berg",62
"1646","Psidium oligospermum Mart. ex DC.",60
"1647","Psidium ovale (Spreng.) Burret",48
"1648","Psidium rufum Mart. ex DC.",133
"1649","Psidium salutare (Kunth) O.Berg",15
"1650","Psidium sartorianum (O.Berg) Nied.",57
"1651","Psidium schenckianum Kiaersk.",16
"1652","Psychotria carthagenensis Jacq.",353
"1653","Psychotria cupularis (Müll.Arg.) Standl.",22
"1654","Psychotria deflexa DC.",110
"1655","Psychotria fluminensis Vell.",12
"1656","Psychotria forsteronioides Müll.Arg.",29
"1657","Psychotria glaziovii Müll.Arg.",11
"1658","Psychotria hastisepala Müll.Arg.",53
"1659","Psychotria jambosioides Schltdl.",17
"1660","Psychotria laciniata Vell.",54
"1661","Psychotria myriantha Müll.Arg.",17
"1662","Psychotria nemorosa Gardner",64
"1663","Psychotria nuda (Cham. & Schltdl.) Wawra",116
"1664","Psychotria pallens Gardner",13
"1665","Psychotria schlechtendaliana (Müll.Arg.) Müll.Arg.",15
"1666","Psychotria suterella Müll.Arg.",179
"1667","Psychotria vellosiana Benth.",391
"1668","Pterocarpus rohrii Vahl",229
"1669","Pterodon emarginatus Vogel",28
"1670","Pterogyne nitens Tul.",100
"1671","Qualea cordata (Mart.) Spreng.",71
"1672","Qualea cryptantha (Spreng.) Warm.",54
"1673","Qualea dichotoma (Mart.) Warm.",40
"1674","Qualea gestasiana A.St.-Hil.",23
"1675","Qualea grandiflora Mart.",17
"1676","Qualea megalocarpa Stafleu",13
"1677","Qualea multiflora Mart.",116
"1678","Qualea selloi Warm.",14
"1679","Quararibea turbinata (Sw.) Poir.",95
"1680","Quiina glazovii Engl.",106
"1681","Quiina magallano-gomesii Schwacke",14
"1682","Quillaja brasiliensis (A.St.-Hil. & Tul.) Mart.",60
"1683","Ramisia brasiliensis Oliv.",37
"1684","Randia armata (Sw.) DC.",220
"1685","Randia calycina Cham.",17
"1686","Randia ferox (Cham. & Schltdl.) DC.",80
"1687","Rauia resinosa Nees & Mart.",11
"1688","Raulinoreitzia leptophlebia (B.L.Rob.) R.M.King & H.Rob.",21
"1689","Rauvolfia grandiflora Mart. ex A.DC.",16
"1690","Rauvolfia moricandii A.DC.",12
"1691","Rauvolfia sellowii Müll.Arg.",61
"1692","Recordia reitzii (Moldenke) Thode & O'Leary",19
"1693","Remijia ferruginea (A.St.-Hil.) DC.",25
"1694","Rhamnidium elaeocarpum Reissek",111
"1695","Rhamnus sphaerosperma Sw.",157
"1696","Rhizophora mangle L.",14
"1697","Rhodostemonodaphne capixabensis J.B. Baitello & Coe-Teix.",14
"1698","Rhodostemonodaphne macrocalyx (Meisn.) Rohwer ex Madriñán",57
"1699","Richeria grandis Vahl",44
"1700","Rinorea bahiensis (Moric.) Kuntze",28
"1701","Rinorea guianensis Aubl.",48
"1702","Roupala asplenioides Sleumer",28
"1703","Roupala consimilis Mez ex Taub.",30
"1704","Roupala longepetiolata Pohl",19
"1705","Roupala meisneri Sleumer",58
"1706","Roupala montana Aubl.",518
"1707","Roupala paulensis Sleumer",33
"1708","Rudgea coriacea (Spreng.) K.Schum.",45
"1709","Rudgea gardenioides (Cham.) Müll.Arg.",46
"1710","Rudgea jacobinensis Müll.Arg.",11
"1711","Rudgea jasminoides (Cham.) Müll.Arg.",303
"1712","Rudgea recurva Müll.Arg.",70
"1713","Rudgea reticulata Benth.",27
"1714","Rudgea sessilis (Vell.) Müll.Arg.",42
"1715","Rudgea triflora Benth.",12
"1716","Rudgea vellerea Müll.Arg.",12
"1717","Rudgea viburnoides (Cham.) Benth.",42
"1718","Ruprechtia laxiflora Meisn.",222
"1719","Rustia formosa (Cham. & Schltdl.) Klotzsch",32
"1720","Sacoglottis mattogrossensis Malme",65
"1721","Salacia arborea (Schrank) Peyr.",14
"1722","Salacia elliptica (Mart. ex Schult.) G.Don",72
"1723","Salacia grandifolia (Mart. ex Schult.) G.Don",19
"1724","Salix humboldtiana Willd.",26
"1725","Salzmannia nitida DC.",21
"1726","Samanea inopinata (Harms) Barneby & J.W.Grimes",40
"1727","Sambucus australis Cham. & Schltdl.",53
"1728","Sapindus saponaria L.",21
"1729","Sapium argutum (Müll.Arg.) Huber",21
"1730","Sapium glandulosum (L.) Morong",549
"1731","Sapium haematospermum Müll.Arg.",46
"1732","Sapium sellowianum (Müll.Arg.) Klotzsch ex Baill.",11
"1733","Sarcaulus brasiliensis (A.DC.) Eyma",15
"1734","Savia dictyocarpa Müll.Arg.",58
"1735","Savia sessiliflora (Sw.) Willd.",13
"1736","Schaefferia argentinensis Speg.",25
"1737","Schefflera angustissima (Marchal) Frodin",150
"1738","Schefflera calva (Cham.) Frodin & Fiaschi",200
"1739","Schefflera longipetiolata (Pohl ex DC.) Frodin & Fiaschi",11
"1740","Schefflera macrocarpa (Cham. & Schltdl.) Frodin",11
"1741","Schefflera morototoni (Aubl.) Maguire et al.",204
"1742","Schefflera varisiana Frodin",12
"1743","Schefflera vinosa (Cham. & Schltdl.) Frodin & Fiaschi",20
"1744","Schinopsis brasiliensis Engl.",18
"1745","Schinus molle L.",19
"1746","Schinus polygamus (Cav.) Cabrera",80
"1747","Schinus terebinthifolius Raddi",404
"1748","Schizocalyx cuspidatus (A.St.-Hil.) Kainul. & B. Bremer",55
"1749","Schizolobium parahyba (Vell.) Blake",109
"1750","Schoepfia brasiliensis A.DC.",143
"1751","Schwartzia brasiliensis (Choisy) Bedell ex Gir.-Cañas",37
"1752","Scutia arenicola (Casar.) Reissek",11
"1753","Scutia buxifolia Reissek",55
"1754","Sebastiania argutidens Pax & K.Hoffm. ",30
"1755","Sebastiania brasiliensis Spreng.",298
"1756","Sebastiania brevifolia (Müll.Arg.) Müll.Arg.",11
"1757","Sebastiania edwalliana Pax & K.Hoffm. ",20
"1758","Sebastiania jacobinensis (Müll.Arg.) Müll.Arg.",22
"1759","Sebastiania macrocarpa Müll.Arg.",12
"1760","Seguieria americana L.",103
"1761","Seguieria langsdorffii Moq.",183
"1762","Senefeldera verticillata (Vell.) Croizat",69
"1763","Senegalia bahiensis (Benth.) Seigler & Ebinger",15
"1764","Senegalia bonariensis (Gillies ex Hook. & Arn.) Seigler & Ebinger",21
"1765","Senegalia langsdorffii (Benth.) Seigler & Ebinger",26
"1766","Senegalia polyphylla (DC.) Britton & Rose",262
"1767","Senegalia riparia (Kunth) Britton & Rose ex Britton & Killip",23
"1768","Senegalia tenuifolia (L.) Britton & Rose",41
"1769","Senna acuruensis (Benth.) H.S.Irwin & Barneby",17
"1770","Senna affinis (Benth.) H.S.Irwin & Barneby",55
"1771","Senna appendiculata (Vogel) Wiersema",11
"1772","Senna araucarietorum H.S.Irwin & Barneby",32
"1773","Senna cana (Nees & Mart.) H.S.Irwin & Barneby",45
"1774","Senna corymbosa (Lam.) H.S.Irwin & Barneby",16
"1775","Senna georgica H.S.Irwin & Barneby",18
"1776","Senna macranthera (DC. ex Collad.) H.S.Irwin & Barneby",196
"1777","Senna multijuga (Rich.) H.S.Irwin & Barneby",236
"1778","Senna oblongifolia (Vogel) H.S.Irwin & Barneby",16
"1779","Senna organensis (Glaz. ex Harms) H.S.Irwin & Barneby",21
"1780","Senna pendula (Humb.& Bonpl.ex Willd.) H.S.Irwin & Barneby",58
"1781","Senna quinquangulata (Rich.) H.S.Irwin & Barneby",30
"1782","Senna reniformis (G.Don) H.S.Irwin & Barneby",14
"1783","Senna rizzinii H.S.Irwin & Barneby",20
"1784","Senna rugosa (G.Don) H.S.Irwin & Barneby",31
"1785","Senna silvestris (Vell.) H.S.Irwin & Barneby",60
"1786","Senna spectabilis (DC.) H.S.Irwin & Barneby",43
"1787","Senna splendida (Vogel) H.S.Irwin & Barneby",80
"1788","Sessea brasiliensis Toledo",12
"1789","Sessea regnellii Taub.",44
"1790","Sideroxylon obtusifolium (Roem. & Schult.) T.D.Penn.",32
"1791","Simaba cedron Planch.",43
"1792","Simaba floribunda A.St.-Hil.",36
"1793","Simaba subcymosa A.St.-Hil. & Tul.",13
"1794","Simarouba amara Aubl.",108
"1795","Simira corumbensis (Standl.) Steyerm.",14
"1796","Simira glaziovii (K.Schum.) Steyerm.",45
"1797","Simira grazielae Peixoto",18
"1798","Simira pikia (K.Schum.) Steyerm.",13
"1799","Simira podocarpa (Benth.) ined.",12
"1800","Simira rubra (Mart.) Steyerm.",18
"1801","Simira sampaioana (Standl.) Steyerm.",56
"1802","Siparuna bifida (Poepp. & Endl.) A.DC.",28
"1803","Siparuna brasiliensis (Spreng.) A.DC.",110
"1804","Siparuna guianensis Aubl.",250
"1805","Siparuna poeppigii (Tul.) A.DC.",11
"1806","Siparuna reginae (Tul.) A.DC.",90
"1807","Siphoneugena crassifolia (DC.) Proença & Sobral",57
"1808","Siphoneugena densiflora O.Berg",106
"1809","Siphoneugena kiaerskoviana (Burret) Kausel",25
"1810","Siphoneugena reitzii D.Legrand",92
"1811","Sloanea garckeana K.Schum.",128
"1812","Sloanea guianensis (Aubl.) Benth.",270
"1813","Sloanea hirsuta (Schott) Planch. ex Benth.",146
"1814","Sloanea lasiocoma K.Schum.",259
"1815","Sloanea obtusifolia (Moric.) Schum.",47
"1816","Sloanea pubescens Benth.",11
"1817","Sloanea retusa Uittien",33
"1818","Solanum argenteum Dunal",56
"1819","Solanum asperum Rich.",61
"1820","Solanum bullatum Vell.",111
"1821","Solanum caavurana Vell.",84
"1822","Solanum campaniforme Roem. & Schult.",118
"1823","Solanum cernuum Vell.",87
"1824","Solanum cinnamomeum Sendtn.",60
"1825","Solanum cladotrichum Dunal",13
"1826","Solanum compressum L.B.Sm. & Downs",47
"1827","Solanum crinitum Lam.",58
"1828","Solanum didymum Dunal",45
"1829","Solanum diploconos (Mart.) Bohs",106
"1830","Solanum granulosoleprosum Dunal",174
"1831","Solanum lacerdae Dusén",22
"1832","Solanum latiflorum Bohs",22
"1833","Solanum leptostachys Dunal",15
"1834","Solanum leucodendron Sendtn.",55
"1835","Solanum lycocarpum A.St.-Hil.",19
"1836","Solanum mauritianum Scop.",211
"1837","Solanum megalochiton Mart.",56
"1838","Solanum melissarum Bohs",76
"1839","Solanum pabstii L.B.Sm. & Downs",36
"1840","Solanum paranense Dusén",31
"1841","Solanum pseudoquina A.St.-Hil.",318
"1842","Solanum ramulosum Sendtn.",41
"1843","Solanum reitzii L.B.Sm. & Downs",52
"1844","Solanum rufescens Sendtn.",80
"1845","Solanum rugosum Dunal",32
"1846","Solanum sanctae-catharinae Dunal",226
"1847","Solanum sellowianum Sendtn.",12
"1848","Solanum sooretamum Carvalho",12
"1849","Solanum stipulaceum Willd. ex Roem. & Schult.",15
"1850","Solanum swartzianum Roem. & Schult.",201
"1851","Solanum sycocarpum Mart. & Sendtn.",19
"1852","Solanum variabile Mart.",97
"1853","Solanum velleum Thunb.",22
"1854","Solanum warmingii Hiern",11
"1855","Sorocea bonplandii (Baill.) W.C.Burger et al.",395
"1856","Sorocea guilleminiana Gaudich.",176
"1857","Sorocea hilarii Gaudich.",87
"1858","Sparattanthelium botocudorum Mart.",22
"1859","Sparattanthelium tupiniquinorum Mart.",17
"1860","Sparattosperma leucanthum (Vell.) K.Schum.",144
"1861","Spirotheca rivieri (Decne.) Ulbr.",58
"1862","Spondias macrocarpa Engl.",23
"1863","Spondias mombin L.",45
"1864","Spondias venulosa (Engl.) Engl.",42
"1865","Stephanopodium blanchetianum Baill.",22
"1866","Sterculia curiosa (Vell.) Taroda",56
"1867","Sterculia striata A.St.-Hil. & Naudin",27
"1868","Stifftia chrysantha J.C.Mikan",16
"1869","Stifftia parviflora (Leandro) D.Don",14
"1870","Stillingia oppositifolia Baill. ex Müll.Arg.",16
"1871","Strychnos brasiliensis Mart.",273
"1872","Stryphnodendron adstringens (Mart.) Coville",21
"1873","Stryphnodendron polyphyllum Mart.",74
"1874","Stryphnodendron pulcherrimum (Willd.) Hochr.",44
"1875","Stylogyne lhotzkyana (A.DC.) Mez",32
"1876","Stylogyne warmingii Mez",12
"1877","Styrax acuminatus Pohl",49
"1878","Styrax aureus Mart.",12
"1879","Styrax camporum Pohl",41
"1880","Styrax glabratus Schott",41
"1881","Styrax latifolius Pohl",72
"1882","Styrax leprosus Hook. & Arn.",208
"1883","Styrax maninul B.Walln.",19
"1884","Styrax martii Seub.",53
"1885","Styrax pohlii A.DC.",75
"1886","Swartzia acutifolia Vogel",44
"1887","Swartzia apetala Raddi",129
"1888","Swartzia flaemingii Raddi",73
"1889","Swartzia langsdorffii Raddi",31
"1890","Swartzia macrostachya Benth.",31
"1891","Swartzia multijuga Vogel",24
"1892","Swartzia myrtifolia Sm.",92
"1893","Swartzia oblata R.S.Cowan",46
"1894","Swartzia pickelii Killip ex Ducke",36
"1895","Swartzia pilulifera Benth.",26
"1896","Swartzia simplex (Sw.) Spreng.",67
"1897","Swartzia submarginata (Benth.) Mansano",34
"1898","Sweetia fruticosa Spreng.",95
"1899","Syagrus botryophora (Mart.) Mart.",32
"1900","Syagrus cearensis Noblick",11
"1901","Syagrus coronata (Mart.) Becc.",52
"1902","Syagrus macrocarpa Barb.Rodr.",13
"1903","Syagrus oleracea (Mart.) Becc.",51
"1904","Syagrus pseudococos (Raddi) Glassman",31
"1905","Syagrus romanzoffiana (Cham.) Glassman",474
"1906","Syagrus schizophylla (Mart.) Glassman",13
"1907","Symphonia globulifera L.f.",62
"1908","Symphyopappus itatiayensis (Hieron.) R.M.King & H.Rob.",58
"1909","Symphyopappus lymansmithii B.L.Rob.",20
"1910","Symplocos celastrinea Mart.",70
"1911","Symplocos corymboclados Brand",24
"1912","Symplocos estrellensis Casar.",75
"1913","Symplocos falcata Brand",36
"1914","Symplocos glandulosomarginata Hoehne",37
"1915","Symplocos insignis Brand",17
"1916","Symplocos itatiaiae Wawra",11
"1917","Symplocos laxiflora Benth.",32
"1918","Symplocos nitens (Pohl) Benth.",37
"1919","Symplocos nitidiflora Brand",39
"1920","Symplocos oblongifolia Casar.",36
"1921","Symplocos pentandra (Mattos) Occhioni ex Aranha",90
"1922","Symplocos pubescens Klotzsch ex Benth.",67
"1923","Symplocos pustulosa Aranha",35
"1924","Symplocos revoluta Casar.",31
"1925","Symplocos tenuifolia Brand",119
"1926","Symplocos tetrandra Mart.",72
"1927","Symplocos uniflora (Pohl) Benth.",139
"1928","Syzygium cumini (L.) Skeels",22
"1929","Syzygium jambos (L.) Alston",62
"1930","Tabebuia aurea (Silva Manso) Benth. & Hook.f. ex S.Moore",22
"1931","Tabebuia cassinoides (Lam.) DC.",29
"1932","Tabebuia elliptica (DC.) Sandwith",19
"1933","Tabebuia obtusifolia (Cham.) Bureau",47
"1934","Tabebuia roseoalba (Ridl.) Sandwith",94
"1935","Tabebuia stenocalyx Sprague & Stapf",20
"1936","Tabernaemontana catharinensis A.DC.",182
"1937","Tabernaemontana flavicans Willd. ex Roem. & Schult.",44
"1938","Tabernaemontana hystrix Steud.",132
"1939","Tabernaemontana laeta Mart.",118
"1940","Tabernaemontana salzmannii A.DC.",40
"1941","Tabernaemontana solanifolia A.DC.",22
"1942","Tachigali densiflora (Benth.) L.G.Silva & H.C.Lima",64
"1943","Tachigali denudata (Vogel) Oliveira-Filho",76
"1944","Tachigali duckei (Dwyer) Oliveira-Filho",13
"1945","Tachigali friburgensis (Harms) L.G.Silva & H.C.Lima",16
"1946","Tachigali paratyensis (Vell.) H.C.Lima",62
"1947","Tachigali pilgeriana (Harms) Oliveira-Filho",24
"1948","Tachigali rugosa (Mart. ex Benth.) Zarucchi & Pipoly",105
"1949","Tachigali subvelutina (Benth.) Oliveira-Filho",11
"1950","Talipariti pernambucense (Arruda) Bovini",17
"1951","Talisia cerasina (Benth.) Radlk.",51
"1952","Talisia cupularis Radlk.",15
"1953","Talisia esculenta (Cambess.) Radlk.",57
"1954","Tapirira guianensis Aubl.",435
"1955","Tapirira obtusa (Benth.) J.D.Mitch.",152
"1956","Tecoma stans (L.) Juss. ex Kunth",14
"1957","Terminalia argentea Mart.",30
"1958","Terminalia australis Cambess.",32
"1959","Terminalia catappa L.",12
"1960","Terminalia fagifolia Mart.",22
"1961","Terminalia glabrescens Mart.",180
"1962","Terminalia januariensis DC.",47
"1963","Terminalia mameluco Pickel",41
"1964","Terminalia phaeocarpa Eichler",43
"1965","Terminalia triflora (Griseb.) Lillo",55
"1966","Ternstroemia alnifolia Wawra",13
"1967","Ternstroemia brasiliensis Cambess.",138
"1968","Ternstroemia carnosa Cambess.",15
"1969","Tetragastris catuaba Soares da Cunha",12
"1970","Tetrastylidium grandifolium (Baill.) Sleumer",67
"1971","Tetrorchidium parvulum Müll. Arg.",15
"1972","Tetrorchidium rubrivenium Poepp.",140
"1973","Thyrsodium spruceanum Benth.",96
"1974","Tibouchina arborea (Gardner) Cogn.",47
"1975","Tibouchina candolleana (Mart. ex DC.) Cogn.",49
"1976","Tibouchina canescens (D.Don) Cogn.",14
"1977","Tibouchina dusenii Cogn.",11
"1978","Tibouchina elegans (Gardner) Cogn.",24
"1979","Tibouchina estrellensis (Raddi) Cogn.",115
"1980","Tibouchina fissinervia (Schrank & Mart. ex DC.) Cogn.",60
"1981","Tibouchina fothergillae (Schrank & Mart. ex DC.) Cogn.",44
"1982","Tibouchina granulosa (Desr.) Cogn.",16
"1983","Tibouchina mutabilis (Vell.) Cogn.",34
"1984","Tibouchina pilosa Cogn.",15
"1985","Tibouchina pulchra Cogn.",102
"1986","Tibouchina regnellii Cogn.",12
"1987","Tibouchina reitzii Brade",33
"1988","Tibouchina sellowiana Cogn.",151
"1989","Tibouchina stenocarpa (Schrank & Mart. ex DC.) Cogn.",59
"1990","Tibouchina trichopoda (DC.) Baill.",37
"1991","Tocoyena brasiliensis Mart.",61
"1992","Tocoyena bullata (Vell.) Mart.",39
"1993","Tocoyena formosa (Cham. & Schltdl.) K.Schum.",41
"1994","Tontelea leptophylla A.C.Sm.",18
"1995","Toulicia laevigata Radlk.",55
"1996","Toulicia subsquamulata Radlk.",14
"1997","Tovomita brevistaminea Engl.",36
"1998","Tovomita fructipendula (Ruiz & Pav.) Cambess.",50
"1999","Tovomita leucantha (Schltdl.) Planch. & Triana",27
"2000","Tovomita longifolia (Rich.) Hochr.",12
"2001","Tovomita mangle G.Mariz",12
"2002","Tovomitopsis paniculata (Spreng.) Planch. & Triana",82
"2003","Trattinnickia ferruginea Kuhlm.",24
"2004","Trema micrantha (L.) Blume",396
"2005","Trembleya parviflora (D.Don) Cogn.",67
"2006","Trichilia casaretti C.DC.",115
"2007","Trichilia catigua A.Juss.",174
"2008","Trichilia clausseni C.DC.",199
"2009","Trichilia elegans A.Juss.",309
"2010","Trichilia emarginata (Turcz.) C.DC.",67
"2011","Trichilia hirta L.",71
"2012","Trichilia lepidota Mart.",216
"2013","Trichilia magnifoliola T.D.Penn.",12
"2014","Trichilia martiana C.DC.",19
"2015","Trichilia pallens C.DC.",184
"2016","Trichilia pallida Sw.",188
"2017","Trichilia pseudostipularis (A.Juss.) C.DC.",37
"2018","Trichilia quadrijuga Kunth",23
"2019","Trichilia ramalhoi Rizzini",16
"2020","Trichilia silvatica C.DC.",104
"2021","Trigoniodendron spiritusanctense E.F.Guim. & Miguel",16
"2022","Triplaris americana L.",15
"2023","Triplaris gardneriana Wedd.",18
"2024","Tripterodendron filicifolium Radlk.",14
"2025","Trithrinax brasiliensis Mart.",20
"2026","Trixis praestans (Vell.) Cabrera",27
"2027","Unonopsis bahiensis Maas & Orava",22
"2028","Unonopsis guatterioides (A.DC.) R.E.Fr.",29
"2029","Urbanodendron bahiense (Meisn.) Rohwer",30
"2030","Urbanodendron verrucosum (Nees) Mez",65
"2031","Urera baccifera (L.) Gaudich. ex Wedd.",197
"2032","Urera caracasana (Jacq.) Griseb.",37
"2033","Vachellia farnesiana (L.) Wight & Arn.",17
"2034","Vantanea compacta (Schnizl.) Cuatrec.",75
"2035","Vantanea obovata (Nees & Mart.) Benth.",17
"2036","Varronia leucocephala (Moric.) J.S.Mill.",11
"2037","Vasconcellea quercifolia A.St.-Hil.",94
"2038","Vassobia breviflora (Sendtn.) Hunz.",43
"2039","Vatairea heteroptera (Allemão) Ducke",26
"2040","Vataireopsis araroba (Aguiar) Ducke",46
"2041","Verbesina glabrata Hook. & Arn.",34
"2042","Vernonanthura beyrichii (Less.) H.Rob.",39
"2043","Vernonanthura discolor (Spreng.) H.Rob.",307
"2044","Vernonanthura divaricata (Spreng.) H.Rob.",262
"2045","Vernonanthura petiolaris (DC.) H.Rob.",50
"2046","Vernonanthura puberula (Less.) H.Rob.",121
"2047","Virola bicuhyba (Schott ex Spreng.) Warb.",205
"2048","Virola gardneri (A.DC.) Warb.",108
"2049","Virola officinalis Warb.",18
"2050","Virola sebifera Aubl.",39
"2051","Vismia brasiliensis Choisy",59
"2052","Vismia guianensis (Aubl.) Choisy",136
"2053","Vismia magnoliifolia Cham. & Schltdl.",109
"2054","Vismia micrantha A.St.-Hil.",33
"2055","Vitex capitata Vahl",11
"2056","Vitex cymosa Bertero ex Spreng.",12
"2057","Vitex megapotamica (Spreng.) Moldenke",293
"2058","Vitex orinocensis Kunth",23
"2059","Vitex polygama Cham.",206
"2060","Vitex rufescens A.Juss.",55
"2061","Vitex schaueriana Moldenke",11
"2062","Vitex sellowiana Cham.",93
"2063","Vochysia acuminata Bong.",51
"2064","Vochysia bifalcata Warm.",43
"2065","Vochysia dasyantha Warm.",16
"2066","Vochysia emarginata (Vahl) Poir.",14
"2067","Vochysia lucida C.Presl",14
"2068","Vochysia magnifica Warm.",90
"2069","Vochysia oppugnata (Vell.) Warm.",27
"2070","Vochysia pyramidalis Mart.",17
"2071","Vochysia riedeliana Stafleu",14
"2072","Vochysia schwackeana Warm.",19
"2073","Vochysia thyrsoidea Pohl",21
"2074","Vochysia tucanorum Mart.",167
"2075","Weinmannia discolor Gardner",52
"2076","Weinmannia humilis Engl.",54
"2077","Weinmannia organensis Gardner",18
"2078","Weinmannia paulliniifolia Pohl ex Ser.",189
"2079","Weinmannia pinnata L.",11
"2080","Wunderlichia mirabilis Riedel ex Baker",14
"2081","Ximenia americana L.",66
"2082","Xylopia aromatica (Lam.) Mart.",57
"2083","Xylopia brasiliensis Spreng.",189
"2084","Xylopia emarginata Mart.",16
"2085","Xylopia frutescens Aubl.",57
"2086","Xylopia laevigata (Mart.) R.E.Fr.",58
"2087","Xylopia langsdorfiana A.St.-Hil. & Tul.",29
"2088","Xylopia ochrantha Mart.",24
"2089","Xylopia sericea A.St.-Hil.",148
"2090","Xylosma ciliatifolia (Clos) Eichler",157
"2091","Xylosma glaberrima Sleumer",25
"2092","Xylosma prockia (Turcz.) Turcz.",134
"2093","Xylosma tweediana (Clos) Eichler",184
"2094","Zanthoxylum acuminatum (Sw.) Sw.",31
"2095","Zanthoxylum caribaeum Lam.",149
"2096","Zanthoxylum fagara (L.) Sarg.",298
"2097","Zanthoxylum gardneri Engl.",12
"2098","Zanthoxylum kleinii (R.S.Cowan) P.G.Waterman",88
"2099","Zanthoxylum monogynum A.St.-Hil.",78
"2100","Zanthoxylum nemorale Mart.",12
"2101","Zanthoxylum petiolare A.St.-Hil. & Tul.",114
"2102","Zanthoxylum rhoifolium Lam.",637
"2103","Zanthoxylum riedelianum Engl.",84
"2104","Zanthoxylum tingoassuiba A.St.-Hil.",40
"2105","Zeyheria tuberculosa (Vell.) Bureau ex Verl.",160
"2106","Ziziphus joazeiro Mart.",19
"2107","Ziziphus platyphylla Reissek",50
"2108","Ziziphus undulata Reissek",21
"2109","Zollernia glabra (Spreng.) Yakovlev",18
"2110","Zollernia ilicifolia (Brongn.) Vogel",204
"2111","Zollernia modesta A.M.Carvalho & Barneby",14
"2112","Zollernia paraensis Huber",11
"2113","Zygia latifolia (L.) Fawc. & Rendle",26
